text,comments,label
胡彦斌的高音属于后天努力技术型；而华晨宇光真声就能吼得很高，更别提假声。华晨宇的唱法没有广音域是极容易破音的，如果仔细听1:10秒的那个“爱”字，会发现胡很聪明地唱成了“ei”，因为这样能极大避免破音。所以他们两个同台对唱，胡彦斌被呛到声音嘶哑@耳帝@音乐车祸现场http://t.cn/RUjHqMN,"两人配合挺好。特别后面无歌词部分。兔子兔子#华晨宇唱游天下##胡彦斌唱游天下##随华晨宇唱游天下#鲜花鲜花 华晨宇声音特别抓人。。情绪也特别到位。。。他不能只用唱来形容了，我觉得“演绎一首歌” 更贴切一点。。。情绪太饱满了。。一开口你都能感受到他的情绪。。他会把你定在那里然后让你跟着他的情绪走。。。简直疯了。。 #随华晨宇唱游天下##帮华晨宇选歌##华晨宇# 两人配合不错呀。 挖鼻 #随华晨宇唱游天下##华晨宇唱游天下##帮华晨宇选歌##华晨宇#两人的配合很好... #帮华晨宇选歌##随华晨宇唱游天下# #华晨宇唱游天下# #帮华晨宇选歌# #随华晨宇唱游天下# 我宝的高音听的人通体舒畅 很棒，再听亲耳朵 笑cry是挺聪明A不用发开口音笑cry我宇一唱歌沉醉的样子唱的又那么抓人 简直迷倒了#华晨宇##华晨宇唱游天下##唱游天下##随华晨宇唱游天下##帮华晨宇选歌# #华晨宇唱游天下# #帮华晨宇选歌# #随华晨宇唱游天下#  两个人合作的很棒 #华晨宇唱游天下# #帮华晨宇选歌# #随华晨宇唱游天下#好听 #华晨宇唱游天下# 确实 鼓掌鼓掌鼓掌#华晨宇# #帮华晨宇选歌#  所以才有了，死了都要A哈哈 #华晨宇# #华晨宇唱游天下# #随华晨宇唱游天下# #唱游天下# #帮华晨宇选歌##华晨宇WhoAmI##华晨宇史料不及# #华晨宇# 右边现在好会说doge 各有特色笑cry毕竟这是首硬歌 是自发还是节目组。。 喵喵笑cry #华晨宇唱游天下# 玫瑰 这歌改编的很好听哆啦A梦花心#唱游天下#  胡“ei”的时候，像我在爬山，华“ai”的时候，像我在散步 看2和7两个人的舌型就能知道他们的音高了。受村里熏陶，还懂看舌型了呢哆啦A梦花心哆啦A梦花心#华晨宇# #华晨宇唱游天下# good 到后面吟唱的部分，华晨宇的声音就像电吉他一样，融合的太好了 无人企及。让人感受到满满的深情。爱的力量。华晨宇心 后面的吟唱心心 喵喵 喵喵 喜 两人各自发挥所长，并且首要的是歌曲的改编非常精彩 #华晨宇# #帮华晨宇选歌# #华晨宇唱游天下# #随华晨宇唱游天下# #唱游天下# #华晨宇WhoAmI# #华晨宇史料不及# #华晨宇终极双主打# #华晨宇##华晨宇唱游天下##唱游天下##随华晨宇唱游天下##帮华晨宇选歌# #华晨宇唱游天下# #随华晨宇唱游天下# doge赞 #帮华晨宇选歌##随华晨宇唱游天下# #华晨宇# doge#随华晨宇唱游天下# #华晨宇唱游天下# #随华晨宇唱游天下# #帮华晨宇选歌# 可爱可爱可爱 doge 宇宇不仅高音好听，且深情饱满，太走心了爱你 @耳帝 @Dk在北京 是这样的吗思考 #帮华晨宇选歌##华晨宇唱游天下##随华晨宇唱游天下##华晨宇##华晨宇WhoAmI##华晨宇史料不及#我只是来刷话题的 #随华晨宇唱游天下# #随华晨宇唱游天下# @耳帝 @音乐车祸现场 @Dk在北京   #华晨宇唱游天下# 好棒 微笑你以为呢 Hi酷鼓掌赞#华晨宇唱游天下# #华晨宇终极双主打# #华晨宇# #华晨宇唱游天下##帮华晨宇选歌##唱游天下##胡彦斌唱游天下##随华晨宇唱游天下#右边要不要这么形象喵喵→_→ #华晨宇唱游天下##随华晨宇唱游天下##帮华晨宇选歌#微笑 #唱游天下# #随华晨宇唱游天下# #华晨宇# 每位歌手都有自己擅长的方面 能运用技巧调整改善 相互配合达到这么好的效果已经很不错了 没什么好比的 毕竟第一次合作 以后会更好的 期待就好了 我宇最棒！！！ #华晨宇# #华晨宇唱游天下# #随华晨宇唱游天下# #唱游天下# #帮华晨宇选歌##华晨宇WhoAmI##华晨宇史料不及# 某花的歌唱是演绎的太开心太开心 #随华晨宇唱游天下# #随华晨宇唱游天下#各有特点，都很好 #随华晨宇唱游天下# 都很棒。goodgood 配合得很好嘻嘻嘻嘻 这样的BuG..好吗闭嘴闭嘴 #帮华晨宇选歌##华晨宇唱游天下# 我花高音超美爱你 doge #华晨宇唱游天下#我宇宇最厉害 #唱游天下##华晨宇唱游天下# #华晨宇唱遊天下# 啊哈哈哈哈哈 很好听，改的很棒爱你#华晨宇##华晨宇唱游天下##唱游天下# →_→ #帮华晨宇选歌# #随华晨宇唱游天下# 我宇宇嗓子宽躁狂症 doge 哈哈 #随华晨宇唱游天下# 我花的高音开口跪，斌哥哥的死了都要ei真是笑死我了喵喵喵喵喵喵后段超美！ #帮华晨宇选歌# #随华晨宇唱游天下# #华晨宇唱游天下# #随华晨宇唱游天下# good 心心心心 喵喵 #华晨宇唱游天下#对啊 宇哥太厉害  我怕他嫌弃我了拜拜死了   都要爱～～#随华晨宇唱游天下# #华晨宇# 喵喵 #帮华晨宇选歌# @苏羽叶会发光 我深爱的花大舅 #华晨宇唱游天下# #随华晨宇唱游天下##帮华晨宇选歌##华晨宇史料不及#害羞 花花唱的太棒了得意地笑 哆啦A梦吃惊哆啦A梦吃惊哆啦A梦吃惊 #随华晨宇唱游天下# 可爱 看得我咧嘴笑微笑 张口就来微笑 #华晨宇唱游天下##唱游天下##随华晨宇唱游天下#华晨宇的高音我只能赞 斌哥明明唱的也很好啊不同的唱法混在一起才有意思嘛 #华晨宇死了都要爱# #华晨宇千年的爱# 千年之爱 #随华晨宇唱游天下# #华晨宇唱游天下# 👍🏻 #华晨宇唱游天下# #随华晨宇唱游天下# #华晨宇千年的爱# 天赋加努力，成就今日华晨宇！赞赞赞 好棒 #华晨宇唱遊天下##随华晨宇唱游天下##华晨宇千年的爱# #华晨宇唱游天下# #华晨宇# #华晨宇千年的爱# #华晨宇唱游天下# goodgood 华晨宇啊一直都是火星人的骄傲 把持不住的喜欢华晨宇的声悲催悲催悲催 #华晨宇# #随华晨宇唱游天下# 斌斌也唱的很好啊，各有所长啦。 #华晨宇唱游天下#  #随华晨宇唱游天下# #华晨宇千年的爱# #华晨宇# 鲜花鲜花good赞 好棒鼓掌鼓掌#华晨宇唱游天下##华晨宇千年的爱# #随华晨宇唱游天下# 华晨宇不光高音惊艳，副歌部分情感的代入及后面的吟唱更美！ #华晨宇千年的爱# #华晨宇#  #华晨宇# #随华晨宇唱游天下#  噢耶噢耶噢耶 #华晨宇唱游天下# #帮华晨宇选歌# #华晨宇# 好棒好棒 #随华晨宇唱游天下# #随华晨宇唱游天下##华晨宇千年的爱#赞赞 #华晨宇# #华晨宇唱游天下# #华晨宇# 棒棒哒#随华晨宇唱游天下# #华晨宇唱游天下# #华晨宇# #华晨宇唱游天下##随华晨宇唱游天下##帮华晨宇选歌##华晨宇千年的爱#各有所长，花花超棒赞啊赞啊赞啊 #华晨宇唱游天下# #帮华晨宇选歌# #华晨宇# 鲜花 天赋加努力+100％成就了现在的他#华晨宇##华晨宇唱游天下##帮华晨宇选歌# 给劲 #帮华晨宇选歌##华晨宇唱游天下##华晨宇# 想当初他以无字歌形式出现 有些人定义了“怪” 然而从开始到现在我一直都非常喜欢他的无字吟唱互相膜拜互相膜拜互相膜拜 火星演唱会20150731 http://t.cn/RLjtjmK  20150801 http://t.cn/RLs7Qbe 20150802 http://t.cn/RLYHdtY  20140906http://t.cn/Rh6dXLo 20140907http://t.cn/R7OnfrD 杭巡http://t.cn/8sMqKpm 南巡http://t.cn/8kFgEf6《春》http://t.cn/RzqmJ28 唱法不同，各有特色，我家花爷和斌哥都棒棒哒#华晨宇唱游天下# #华晨宇唱遊天下# 酷 这段细节到点的评论好牛的样子！我真的感觉华晨宇的高音不止天生那么简单太开心太开心太开心#华晨宇# #随华晨宇唱游天下#  #华晨宇千年的爱# goodgood 高音漂亮赞赞#华晨宇唱游天下##帮华晨宇选歌##华晨宇# #华晨宇##华晨宇千年的爱##华晨宇唱游天下# #华晨宇唱游天下##随华晨宇唱游天下##华晨宇WhoAmI# 天赋加后天的努力，成就现在的华晨宇。#华晨宇#  #帮华晨宇选歌# 哆啦A梦微笑 #华晨宇#耶耶耶 #帮华晨宇选歌# #随华晨宇唱游天下#他比任何人都努力心心 各有所长辣 花花演唱酣畅淋漓 斌哥哥编曲编的精彩！鲁冰花棒棒哒！ #华晨宇唱游天下# #华晨宇千年的爱# #华晨宇史料不及# #华晨宇终极双主打##帮华晨宇选歌##华晨宇唱游天下#点评好专业的样子嘻嘻 #华晨宇# #帮华晨宇选歌# #华晨宇唱游天下# #随华晨宇唱游天下# #华晨宇死了都要爱# #随华晨宇唱游天下# #华晨宇唱游天下# 除了喜欢我花的低吟浅唱，高亢嘹亮，结尾两人的收音与音乐交相辉映，好出彩鼓掌鼓掌鼓掌 爱你#华晨宇唱游天下# #帮华晨宇选歌#  #华晨宇#  #华晨宇# #唱游天下# #随华晨宇唱游天下# #华晨宇WhoAmI#  #华晨宇史料不及# #华晨宇唱游天下# #帮华晨宇选歌# #华晨宇死了都要爱# #华晨宇千年的爱#  3p好帅偷笑偷笑偷笑我是音饭害羞害羞害羞#华晨宇唱游天下# #华晨宇千年的爱# #华晨宇死了都要爱##唱游天下##帮华晨宇选歌# #随华晨宇唱游天下# #华晨宇唱游天下#  我花有我花的特点，斌哥哥有斌哥哥的特点，胡彦斌把这首歌改编的很好听，感觉惊艳，鲁斌花组合缺一都不能把这首歌唱好的 #华晨宇千年的爱# #华晨宇唱游天下# #华晨宇# 嗯！ 【开口跪现场】华晨宇的高音真是绝了！全程高能！崩溃崩溃崩溃 #华晨宇# #随华晨宇唱游天下# #华晨宇唱游天下# #华晨宇WhoAmI# #华晨宇死了都要爱# #华晨宇千年的爱# #华晨宇唱游天下# #随华晨宇唱游天下# #华晨宇千年的爱# 天赋加努力，成就今日华晨宇！赞赞赞 →_→看有人说某花的真声唱着费劲 我怎么觉得唱的高音很透亮听着很爽 反倒是chandelier里的高音听起来很尖利有点不舒服 两人都各有各的特点可爱 #华晨宇唱游天下#鲁冰花很棒 #华晨宇##随华晨宇唱游天下##华晨宇唱游天下# doge 天生优质再加后天努力#华晨宇# #华晨宇千年的爱##华晨宇##随华晨宇唱游天下#华晨宇的现场是非常棒的！ #帮华晨宇选歌# #华晨宇唱遊天下# #随华晨宇唱游天下# #随华晨宇唱游天下##华晨宇死了都要爱##华晨宇#偷笑 是他比其他人更早的努力，成就了今日的#华晨宇# #华晨宇唱游天下#  哈哈哈哈哈 唱高音跟吃肉一样。 胡彦斌的声音很有特色，带着沙哑的感觉很抓人，华晨宇的感情让人跟着他眼睛湿润了#华晨宇唱游天下# #帮华晨宇选歌# 高音漂亮赞 #华晨宇唱游天下# #华晨宇千年的爱##帮华晨宇选歌# 我以为A是胡的习惯发音doge #华晨宇# #华晨宇##随华晨宇唱游天下# #华晨宇# #随华晨宇唱游天下# 斌哥也很厉害的！ #华晨宇千年的爱# #华晨宇唱遊天下# #华晨宇唱游天下# #随华晨宇唱游天下# #华晨宇千年的爱# 大写加粗的好听 #随华晨宇唱游天下# #华晨宇千年的爱# 赞赞赞 给劲可爱 其实我也发现了，只是懒得说笑cry #华晨宇# #华晨宇唱游天下# #随华晨宇唱游天下# 那是，我花的华式高音谁能比的过 😌我花哈哈 #华晨宇唱游天下##帮华晨宇选歌##随华晨宇唱游天下#鼓掌鼓掌鼓掌鼓掌好听 赞 #随华晨宇唱游天下##华晨宇千年的爱##华晨宇#实在好听！ #华晨宇# #华晨宇唱游天下# #华晨宇# #华晨宇千年的爱# #华晨宇# #华晨宇# #华晨宇千年的爱# #华晨宇# #华晨宇唱游天下# #华晨宇唱游天下# #华晨宇千年的爱# #华晨宇死了都要爱# #华晨宇死了都要爱# #帮华晨宇选歌# #华晨宇#  #华晨宇史料不及##华晨宇WhoAmI##华晨宇# 好歌手赞赞赞 ╮(╯▽╰)╭太棒了 #华晨宇##华晨宇唱游天下#耶耶耶 烟火里的尘埃，不服气的说嘻嘻随意点！！ #唱游天下##随华晨宇唱游天下# 斌哥能唱成这样也是个挑战了，每个人都有不完美的一面，最后的吟唱两个人非常的融合，好听！ good心感谢分享#华晨宇WhoAmI##华晨宇唱游天下##帮华晨宇选歌# #华晨宇WhoAmI##华晨宇千年的爱##帮华晨宇选歌# #华晨宇WhoAmI# 唱高音跟吃肉一样简单微笑 耶！ #随华晨宇唱游天下# 每次听他唱高音都有一种冲上云霄的感觉喵喵 花花不错，期待花花下一期的表演哈哈哈哈#华晨宇唱游天下# #华晨宇千年的爱# 心心两位歌手都很棒鼓掌鼓掌 微笑 微笑 微笑 #华晨宇# 心心心goodgoodgoodgoodgoodgood#华晨宇WhoAmI# 哆啦A梦微笑#华晨宇千年的爱# 我花的高音喵喵喵喵#华晨宇我是谁主题曲# #华晨宇# wuli花和礼物哥好爱哦好爱哦好爱哦 对于这首歌的关注点不应该只在高音上 最后的吟唱才应该是大招 吟唱部分他们两个的声线配合完美 和背景音乐也融为一体 这才应了华晨宇说的 每一个音色都是乐器 融入才是最重要的 我斌棒棒哒 春花不比春光美，爱他们，加油，故事还长，请别失望；如果不能关注我，就请点个赞，谢谢爱你
[SEP]",0
哈尔滨市化工路发生爆炸！  冬瓜哥大话计算机和存储的微博视频,"事发时间？
[SEP]这是哪里爆炸了啊
[SEP]",1
中国南航航空公司的波音747客机，满载450名乘客。发动机被一架无人直升机撞了并引起另一个引擎失火，飞行员水平高超，沉着应对将飞机停在京通快速公路八里桥收费站前，受到国家有关部门奖励5780万元人民币。CG还原情景。向这位飞行员致敬！ 狗肉包子00755的微博视频,"中国南航航空公司的波音747客机，满载450名乘客。发动机被一架无人直升机撞了并引起另一个引擎失火，飞行员水平高超，沉着应对将飞机停在京通快速公路八里桥收费站前，受到国家有关部门奖励5780万元人民币。CG还原情景。向这位飞行员致敬！ 漂亮的人生997503172的微博视频
[SEP]传播谣言有那么爽么
[SEP]中国南航航空公司的波音747客机，满载450名乘客。发动机被一架无人直升机撞了并引起另一个引擎失火，飞行员水平高超，沉着应对将飞机停在京通快速公路八里桥收费站前，受到国家有关部门奖励5780万元人民币。CG还原情景。向这位飞行员致敬！！  德艺坊老杨的微博视频
[SEP]中国南航航空公司的波音747客机，满载450名乘客。发动机被一架无人直升机撞了并引起另一个引擎失火，飞行员水平高超，沉着应对将飞机停在京通快速公路八里桥收费站前，受到国家有关部门奖励5780万元人民币。CG还原情景。向这位飞行员致敬！ 时尚魔头情感教主的微博视频
[SEP]《中国南航航空公司的波音747客机，满载450名乘客。发动机被一架无人直升机撞了并引起另一个引擎失火，飞行员水平高超，沉着应对将飞机停在京通快速公路八里桥收费站前，受到国家有关部门奖励5780万元人民币。CG还原情景。向这位飞行员致敬！污丞相的微博视频》中国南航航空公司的波网页链接
[SEP]中国南航航空公司的波音747客机，满载450名乘客。发动机被一架无人直升机撞了并引起另一个引擎失火，飞行员水平高超，沉着应对将飞机停在京通快速公路八里桥收费站前，受到国家有关部门奖励5780万元人民币。CG还原情景。向这位飞行员致敬！专发来的 捡乐儿-xyl的微博视频
[SEP]英雄的飞行员
[SEP]太了不起了的挑战、在没有雷达导引的情况下、决不是一条高速公路就可以拯救的、驾驶员高超的个人飞行技术及强大的意志力拯救了一场巨大的灾难！
[SEP]驾驶员真了不起、盖茨比算个屁、
[SEP]欣赏佳作
[SEP]了不起的飞行员
[SEP]所有乘客福大命大/避免了一场空难的发生👏👏👏👏
[SEP]为飞行员点赞
[SEP]回复@火箭兵2017021314 的表态:谢谢老朋友，好久不见，点赞多多，谢谢谢谢🙏🙏🙏🙏🙏🙏
[SEP]姐姐早安(^O^)!吉祥八月如意建军节快乐🙏🙏
[SEP]早安
[SEP]点赞
[SEP]致敬点赞
[SEP]新月快乐友！
[SEP]好样的！！！
[SEP]新月吉安姐
[SEP]捡乐儿中午问候
[SEP]文图俱佳，过来点赞！
[SEP]虚惊一场。老姐早上好
[SEP]为飞行员点赞！为姐姐点赞 伏天安康！姐姐吉祥
[SEP]看望姐姐，八月安好
[SEP]支持助力，开心快乐。健康是福，随心随意
[SEP]👍👍👍
[SEP]飞行员真的很棒
[SEP]早上好~
[SEP]问候到
[SEP]了不起👏👏👏
[SEP]绝对是英雄
[SEP]这个视频是假的
[SEP]祝福
[SEP]有技术、有胆识，化解了灾难，向这位飞行员献上崇高敬意
[SEP]什么时候的事情啊
[SEP]假新闻。。。
[SEP]《踏莎行》 雾遮夜沉，蛙和蝉哑，游鱼歇栖青莲下。 荷绽夏夜暗香生，玉盘贪凉云天挂。 蜜语入书，旧颜成画。相思萦人难作罢。 莫道水阔天涯远，为伊轻狂兰舟驾。
[SEP]点赞点赞！沉着冷静安全着陆！👍
[SEP]真吓人哦
[SEP]什么时候的事儿？就在我家附近！向飞行员致敬！👏🙏
[SEP]向飞行员致敬！向满机人员祝福！
[SEP]八一快乐
[SEP]，厉害。
[SEP]愿友八月幸福安好，快乐随心！🌺🌺🌺🌺
[SEP]汽车接机！！？正好停下？？！我惊了，这太厉害了吧
[SEP]早安吉祥🍉
[SEP]RESPECT. 致敬！
[SEP]幸福吉祥
[SEP]感恩🙏🙏
[SEP]gta5？
[SEP]太了不起了
[SEP]南航的波音747只拉货好吗
[SEP]瞎j8扯淡，
[SEP]中国南航航空公司的波音747客机，满载450名乘客。发动机被一架无人直升机撞了并引起另一个引擎失火，飞行员水平高超，沉着应对将飞机停在京通快速公路八里桥收费站前，受到国家有关部门奖励5780万元人民币。CG还原情景。向这位飞行员致敬！[强] 刘永绘的秒拍视频
[SEP]中国南航航空公司的波音747客机，满载450名乘客。发动机被一架无人直升机撞了并引起另一个引擎失火，飞行员水平高超，沉着应对将飞机停在京通快速公路八里桥收费站前，受到国家有关部门奖励5780万元人民币。CG还原情景。向这位飞行员致敬！  阳光沐浴下的雪儿的微博视频
[SEP]中国南航航空公司的波音747客机，满载450名乘客。发动机被一架无人直升机撞了并引起另一个引擎失火，飞行员水平高超，沉着应对将飞机停在京通快速公路八里桥收费站前，受到国家有关部门奖励5780万元人民币。CG还原情景。向这位飞行员致敬！[强] 範珥橙宝的微博视频
[SEP]互粉超话
[SEP]中国南航航空公司的波音747客机，满载450名乘客。发动机被一架无人直升机撞了并引起另一个引擎失火，飞行员水平高超，沉着应对将飞机停在京通快速公路八里桥收费站前，受到国家有关部门奖励5780万元人民币。CG还原情景。向这位飞行员致敬！[强] 果粒橙乐的微博视频
[SEP]来了，来了！
[SEP]致敬撒
[SEP]用Gta5来还原也是极致了
[SEP]应该奖励飞机员
[SEP]博文很棒！
[SEP]向飞行员致敬！
[SEP]来了
[SEP]@黑历史打脸bot
[SEP]假消息  5000万就已经不合理了
[SEP]还有这个gta5……
[SEP]飞机要迫降，肯定会跟塔台联系的，塔台会把空域空出来的。视频里还有好多其他飞机起起落落，要是撞一起怎么搞哦？假消息吧
[SEP]互
[SEP]此是不实消息
[SEP]早安ﾉ☀
[SEP]中午好
[SEP]中国南航航空公司的波音747客机，满载450名乘客。发动机被一架无人直升机撞了并引起另一个引擎失火，飞行员水平高超，沉着应对将飞机停在京通快速公路八里桥收费站前，受到国家有关部门奖励5780万元人民币。CG还原情景。向这位飞行员致敬！[强]  葛城美里1938的微博视频
[SEP]飞机上写着航空公司名字呢 不认字儿吧
[SEP]中国南航航空公司的波音747客机，满载450名乘客。发动机被一架无人直升机撞了并引起另一个引擎失火，飞行员水平高超，沉着应对将飞机停在京通快速公路八里桥收费站前，受到国家有关部门奖励5780万元人民币。CG还原情景。向这位飞行员致敬！[强] 好歌书画院的微博视频
[SEP]南航有个J8的747，货运才有，而且你从哪听说的事故？自我高潮？？？
[SEP]不知道是真是假？
[SEP]中国南航航空公司的波音747客机，满载450名乘客。发动机被一架无人直升机撞了并引起另一个引擎失火，飞行员水平高超，沉着应对将飞机停在京通快速公路八里桥收费站前，受到国家有关部门奖励5780万元人民币。CG还原情景。向这位飞行员致敬！[强]
[SEP]谢谢告知
[SEP]假的，动画用的是gta5游戏
[SEP]據說：这是中国南航航空公司的波音747客机，满载450名乘客。它的一个发动机被一架无人直升机撞了并引起另一个引擎失火，飞行员飞得水平非常高，沉着应对将飞机停在京通快速公路八里桥收费站前，受到国家有关部门奖励5780万元人民币。CG还原情景。  A释怀自在的微博视频
[SEP]无人机
[SEP]直升飞机十来自杀的吗
[SEP]✈️ 这是中国南航航空公司的波音747客机，满载450名乘客。它的一个发动机被一架无人直升机撞了并引起另一个引擎失火，飞行员飞得水平非常高，沉着应对将飞机停在京通快速公路八里桥收费站前，受到国家有关部门奖励5780万元人民币。
[SEP]真的假的？
[SEP]这是中国南航航空公司的波音747客机，满载450名乘客。它的一个发动机被一架无人直升机撞了并引起另一个引擎失火，飞行员水平非常高，沉着应对将飞机停在京通快速公路八里桥收费站前.受到国家有关部门奖历5780万元人民币. 魔都-凡不烦人的微博视频
[SEP]这是gta5，游戏而已
[SEP]开头一幅画，故事全靠编
[SEP]好眼熟的地图
[SEP]这么厉害，你开的？
[SEP]这是中国南航航空公司的波音747客机，满载450名乘客。它的一个发动机被一架无人直升机撞了并引起另一个引擎失火，飞行员飞得水平非常高，沉着应对将飞机停在京通快速公路八里桥收费站前.受到国家有关部门奖历5780万元人民币。 绿林Lele588的微博视频
[SEP]这是中国南航航空公司的波音747客机，满载450名乘客。它的一个发动机被一架无人直升机撞了并引起另一个引擎失火，飞行员彼得水平非常高，沉着应对将飞机停在京通快速公路八里桥收费站前.受到国家有关部门奖历5780万元人民币。 mosquitomin蚊子的微博视频
[SEP]开局一个视频，内容全靠编
[SEP]下面那辆车主怎么样了？ 有没有人员伤亡啊？都没说？
[SEP]我是大主编超话这是中国南航航空公司的波音747客机，满载450名乘客。它的一个发动机被一架无人直升机撞了并引起另一个引擎失火，飞行员彼得水平非常高，沉着应对将飞机停在京通快速公路八里桥收费站前.受到国家有关部门奖历5780万元人民币. 凤阳闲人的微博视频
[SEP]五十岁的大妈真能编
[SEP]不带这样编故事的，哈哈哈
[SEP]南航标志都不认识吗？
[SEP]nmsl，编这种垃圾玩意，
[SEP]牛掰的机长，可以拯救整架飞机上的乘客。
[SEP]这是中国南航航空公司的波音747客机，满载450名乘客。它的一个发动机被一架无人直升机撞了并引起另一个引擎失火，飞行员彼得水平非常高，沉着应对将飞机停在京通快速公路八里桥收费站前.受到国家有关部门奖历5780万元人民币.真棒！ 贺冰新国际教学法的微博视频
[SEP]回复@琦琦之语1149 的表态:谢谢
[SEP]回复@用户6422909111 的表态:谢了
[SEP]",1
【庄家控制196个证券账户操纵这只股票，亏逾3亿元，罚单到了】证监会对熊模昌、吴国荣操纵华平信息技术股份有限公司（以下简称华平股份）股票价格的行为进行了立案调查、审理，其行为构成操纵证券市场的行为，且存在未履行发出收购要约义务、虚假减持行为，对熊模昌给予警告，合计处以205万元罚款，对...全文,"多么无私的庄家
[SEP]",0
【#河南专升本考生钓鱼泄题机构#泄题事件又有新证据？】近日，有专升本考生“钓鱼执法”，引出机构露出马脚！泄题事件发生后，协议班仍然在招生！天一教育老师告诉同学工作赚钱买个原题卷是个正确的选择，并直言“你不用背书的”。郑州大学城儿的微博视频,"🙊 ！ 话题都封了 早上评论还挺多的 评论咋没了
[SEP]wind
[SEP]would
[SEP]wage
[SEP]what,when,want,watch
[SEP]write
[SEP]windows
[SEP]why
[SEP]what will work with waste was want wanna win we were want wrong watch which
[SEP]wander
[SEP]wisdom
[SEP]wealth
[SEP]",0
企业社交平台Yammer欲推类QQ聊天功能，几周内上线作者：陈小蒙前阵子被微软以12亿美元收购的企业社交平台Yammer准备推出一项名为OnlineNow新的即时网页链接,"好样的，姑娘有骨气，工作没了可以再找，女孩的名声很重要，你还年轻，咱不怕。
[SEP]好姑娘
[SEP]为女孩点赞👍遇到这样的渣渣真恶心人
[SEP]A:呵呵，肯潜你说明你长得不赖，其他人女员工都还没有这“福气”呢！ B:。。。。。。
[SEP]估计是你党优秀份子吧
[SEP]有多少人是从了的！这女孩儿真心赞
[SEP]为此女子点赞这个渣男，觉得自己有点权利就可以胡搞乱搞，看来是有后台的，曝光他！好好查查他后台！！！！
[SEP]没谁了
[SEP]🈶️志气
[SEP]我是来看评论的
[SEP]这么少呢评论
[SEP]千万别上禽兽的当🙅
[SEP]干的漂亮，，杂杂就应该让他身败名裂，，，工作事小失节事大，，如果没一个都敢站出来他就不会这么嚣张，，估计这位姑娘并不是第一个受害者，，我就想知道处理结果
[SEP]我很想知道姑娘是怎么从9月熬到现在的
[SEP]遇到了一个不吃那套的女孩儿
[SEP]真是好姑娘
[SEP]哈哈，这个女其实可以狠狠的收拾和逗他一会的，这种人就是人渣啊。兽性大发的领导，割jj
[SEP]",0
【红色高棉暴行】特制的钻机。从人后脑钻开0.8×2公分的孔洞，再从头顶钻眼，即可取出完整的人脑。当时许多酷刑如割喉、钻脑、活摔婴儿等，传自中国援柬的“专家与技术人员”，连专门拍摄临刑囚犯的照片以供存档与欣赏的摄影师，也是由中国培训的。,"泪泪泪
[SEP]额(⊙o⊙)…
[SEP]+1
[SEP]罄竹难书
[SEP]是个神人！钻的时候她不会动吗！
[SEP]真相无处不在！
[SEP]2B，这是德国人发明的摄影定位椅子挖鼻屎
[SEP]请搜索贝蒂荣定位椅，几年前就传了现在还传，造谣死全家
[SEP]智商捉急
[SEP]智商捉急╮(╯▽╰)╭这V加的，啧啧真有水平
[SEP]不亏毛的好学生，周公邓公皆有份。
[SEP]据说这是为了固定头位置的标准器具，用来拍照。
[SEP]这也敢胡扯？该钻的是博主的脑子。
[SEP]第一次听说
[SEP]惨不忍睹
[SEP]怒骂
[SEP]勃主你是被钻脑了呢还是被活摔了？
[SEP]前略，天国的智商君
[SEP]别蠢
[SEP]太惨烈了！！据说博主也受过此刑，所以他脑残了。。。哈哈哈哈哈哈
[SEP]加V的傻逼，你应该出现在空间里
[SEP]看见屁股后开叉的公知，打之无错
[SEP]红色高棉共杀害二百几万人民，其中有许多是华人，华侨，部份经济条件好的都逃亡到法国，美国，在巴黎十三区唐人街生活着大量从柬埔寨逃亡出来的华人，他们会讲广州话，不会看中文，我在十三区经常遇到这些人，听他们讲起这些血泪史，可惜国内无人关注这一专题：东南亚华人血泪史
[SEP]哈哈
[SEP]博主跟轮子一个调调啊！有没有培训活摘器官？哈哈哈哈哈哈
[SEP]取脑干吗?给脑残博主补脑吗?
[SEP]回复@诸葛益德:就是，都辟谣过了还在这里以讹传讹
[SEP]这个像是摄影用的，红色高棉犯下了反人类罪，美，澳等国接收难民，给了他们希望，但也是苦难的。一家人，很有可能因为飞机编号就去了不同国家，和经济条件没有什么关系，华人多数是潮州人，会讲，会看多种语言，你在十三区？有点扯@品茗论陶他 们会讲广州话，不会看中文，我在十三区经常遇到这些人，
[SEP]哈哈绝对脑残，不然也不会相信2公分的孔就能完整取出大脑。
[SEP]诺奖与我何干啊
[SEP]多次被辟过谣的图片又被这个记者拿出来，到底是无知还是无耻呢？ @点子正
[SEP]没有，开钻前人家一看，“这哪有地方下钻啊？根本就没脑组织吗！”
[SEP]你也受过此刑吧,要不咋像脑残呢
[SEP]为啥造谣的以报社记者，编辑，还有网络公知居多呢？？？
[SEP]图片里的是早期的摄影器材，固定人头像用的，跟钻脑袋酷刑没有关系，辟谣都是几年前的事情了。列位看看，这就是咱们【记者】的素质，真是不服不行！还TM加了V的！不愧为妓者！围观围观围观
[SEP]最痛恨这些以造谣来博得大众关注的人！媒体人都不尊重事实，实在太可耻了！！
[SEP]真正的法西斯
[SEP]",1
#河南玛莎拉蒂#永城玛莎拉蒂95后女富二代车主 特大交通事故  明珠花园撞死3人 东方花园撞伤8人逃逸 永兴街外环撞宝马740，车上4人烧死。 性质恶劣，影响重大,[SEP],1
用我的一生劳苦，换你的一身霓裳，在中国。。。[泪]（十张蛋疼图）@杂谈五味 @袁裕来律师 @邓飞,"泪
[SEP]很多时候不是我们去看父母的背影，而是承受他们追逐的目光，承受他们不舍的，不放心的，满眼的目送。最后才渐渐明白，这个世界上，再也没有任何人，可以像父母一样，爱我如生命。——龙应台
[SEP]悲伤
[SEP]心酸的不行
[SEP]真好意思？
[SEP]哎！！！
[SEP]哎，可敬，可悲！
[SEP]哎~ 众多中国家庭的写照啊
[SEP]@meranda一定要减脂塑形成功  严重性的凤凰男
[SEP]水不忘源，木不弃本。铭记。
[SEP]都辟过谣了还转 泰国的
[SEP]这是学士服？看着感觉是寿衣似的…
[SEP]根本就是不是源不源的问题.....中国人的福利实在是难以苟活！
[SEP]悲伤永不忘本
[SEP]感动！假如不孝，怎能心安。。。。
[SEP]@邵可强
[SEP]已证实该照片的源头是泰国北部，非我天朝
[SEP]@乐清城市网 泪
[SEP]铭记那张沧桑的脸,铭记那双干涩的眼,铭记!
[SEP]感恩
[SEP]无论是哪个国家，孝为先
[SEP]说得真好。
[SEP]好好对待自己的父母吧 。没有他们就不会有咱们。他们付出了一生来养育我们，毕业了 是时候回报他们了。~兔子http://t.cn/zQA2X1A
[SEP]哎，前几天已经被证明是假新闻了…
[SEP]有些人的起点就是另一些人奋斗一生的终点。世界永远不可能公平。唯有和自己比。
[SEP]沧桑的外表下，是父亲的骄傲的内心！
[SEP]我们的父母一生的奉献都给了孩子，一生的希望就在孩子，我们有什么理由不爱他们呢？
[SEP]国情唉！
[SEP]感恩和珍惜 懂得回报
[SEP]我也不知道是啥滋味。
[SEP]铭记
[SEP]永远别忘了有个人叫：父亲。
[SEP]围观
[SEP]昨晚电话母亲，父亲收割稻谷很晚才回。永远的父亲母亲。
[SEP]泪奔了
[SEP]。。。。。。
[SEP]我用一生劳苦还你一身霓裳泪
[SEP]水不忘源，木不弃本！感谢父母！
[SEP]源本这样！
[SEP]虽说父爱是没国界的，但总也该交代5W吧？
[SEP]回复@清风半袖:闭嘴！怒骂再说，→ →不高兴，后果很咽肿。
[SEP]泪泪泪看到就想哭。。。
[SEP]哎，是幸运还是不幸？
[SEP]不容易。
[SEP]什么也不想说。
[SEP]唉
[SEP]这才是真正的中国脊梁，祝福你们，向你们致敬！
[SEP]汗
[SEP]水不忘源，木不弃本。铭记。威武
[SEP]蜡烛蜡烛蜡烛蜡烛蜡烛蜡烛蜡烛蜡烛蜡烛蜡烛蜡烛蜡烛蜡烛蜡烛蜡烛蜡烛蜡烛蜡烛蜡烛蜡烛蜡烛蜡烛蜡烛蜡烛蜡烛蜡烛蜡烛蜡烛蜡烛蜡烛蜡烛蜡烛蜡烛蜡烛蜡烛蜡烛蜡烛蜡烛蜡烛蜡烛蜡烛蜡烛蜡烛蜡烛蜡烛蜡烛
[SEP]突然心疼泪
[SEP]@新潮-小晰爱爬文字格
[SEP]不忍多看！一叹
[SEP]水不忘源，木不弃本
[SEP]别感慨了，这是泰国的一对父子照片，中国哪里有光脚的，也没这样的学士服。这里是网址，去看看吧 http://t.cn/zQVC1Q5 。看看这次有谁上钩了，有邓午饭，有急公好义袁大绿，为什么我一点也不奇怪呢，是不是鱼钩再等等，开腹老师和白毛薛还没来呢
[SEP]公知造谣可耻
[SEP]我去
[SEP]@浅瓯吹雪1412
[SEP]笑哈哈
[SEP]原来是泰国
[SEP]大爷啊！真心替你难过啊！！！儿子啊！！把鞋给爸爸穿吧！！！！！！！！！！！
[SEP]OMG。。。
[SEP]看到这样的父亲，让人感到心酸，希望儿子成才以后父亲不用那么艰辛
[SEP]吃屎都赶不上热乎的……
[SEP]回复@胡杨林717: 天下的父亲都是一样的 米国的又如何 但确实希望看到真实的informations 你最近又砍人了没？
[SEP]公知们出来吧！
[SEP]那儿子长得不象泰国人象韩国人
[SEP]@中出宪政柏拉图 钓一个吧
[SEP]晕晕晕good
[SEP]沉不住气啊你。。。。
[SEP]偷笑
[SEP]哇塞好多鱼
[SEP]举报就完了。
[SEP]袁律师手伸到泰国啦？
[SEP]唉 看着好心酸 天下父母心
[SEP]一代人换另一代人的幸福！
[SEP]回复@胡杨林717:你想多了，感慨与立场无关！话说中国没有光脚的？？
[SEP]媒体应该以输出正确的价值观为已任，而不是尽煽风点火之能，挑拨网民的愤怒情绪。先挑拔中外的，再窝里斗……别忘了新闻的基本的操守！看到好多堂堂大媒，把自己提升到长舌妇的境界，真是既无聊又无耻。
[SEP]学位服装不像中国的，表情也不像中国人。
[SEP]哎！
[SEP]1，果然不是中國學位服。2，中國光䐚的多了去，怎麼敢說沒有。。。
[SEP]确实该等等开复老湿。
[SEP]回复@胡杨林717:恶意造谣和图片移花接木者很无耻，不过感慨没有问题吧，寒门的心境与历程，哪里都是一样的。——“用我的一生劳苦，换你的一身霓裳，在中国。。。”之所以有触动，因为这句话本身也是很多家庭的真实写照，图片则把这句话的画面感和冲击力更加具体和形象化。
[SEP]一把辛酸泪。
[SEP]看这张相片顿时好心酸泪
[SEP]博主，你把泰国并入中国的决定有法律效力不偷笑偷笑，这是泰国的一对父子照片，这里是网址，去看看吧 http://t.cn/zQVC1Q5 。
[SEP]天下父母心！
[SEP]用我的一生劳苦换你的一身霓裳
[SEP]真相帝
[SEP]明明是泰国公民的照片，还有不少大V转，我也就感叹感叹。
[SEP]虽然家里没到很困难的程度，但还是感恩父母含辛茹苦供我上大学，好好回报他们心
[SEP]经历了长夜，守到了黎明，地球公转80——100圈，一代人（凡人）都将消亡。得我道的可以成为神仙，失我道的只能成为凡夫之辈。我的道将把你引向无穷之门，游于无极的原野，与日月同辉，与天地共存。凡人都将死去，而得我道的人都会长存于天地之间！
[SEP]……
[SEP]刚想问这粉粉的是山寨货吗
[SEP]发照片的主人是一生的耻辱怒
[SEP]现在爸爸又呆又傻,我就嫌弃他了,当我弱小的时候是他养育了我!
[SEP]原来是泰国的,一群人空感慨了 http://t.cn/zQVC1Q5 。
[SEP]父母的爱是伟大的 以前我的父母为我付出很多 现在我为儿子付出很多
[SEP]劳苦。光鲜。我的父老双亲汗
[SEP]good
[SEP]检验谣言的唯一标准就是看微博里艾特了谁
[SEP]这是在泰国，别什么都贴上中国的标签。
[SEP]中国没光脚的？
[SEP]都辟谣了， 这是泰国的， 有好几张连拍。 ps. 网络解读“中心思想”，各有不同。有的跟作者原意差忒大了。 @邓飞
[SEP]结果，穿一身霓裳的连自己也养不活，在中国，博士也不好找工作呀
[SEP]尽孝，行善。
[SEP]中国当然没有，中国只有下半身瘫痪的。
[SEP]感动！
[SEP]以@袁裕来律师 的“智商”加上“急公好义”的特点，他肯定会上钩，尽管这种学位服在中国从来没有见到过。
[SEP]自己穿的整整齐齐了，就不能给自己爹买双鞋穿上吗？
[SEP]哈哈
[SEP]让人心酸的世界！
[SEP]伤心
[SEP]鱼又上钩了~
[SEP]感人的瞬间
[SEP]就是的，感觉像故意照的
[SEP]触动地我心疼。
[SEP]触动地我心疼
[SEP]真实的不能再真实了
[SEP]哎
[SEP]这个衣服是博士还是博士后？
[SEP]不希望儿子也像我这样穷
[SEP]真是心酸
[SEP]",1
今天上午刚温习了一遍老电影《空中监狱》，尼古拉斯·凯奇是我少年时期的电影明星偶像之一，晚上听到他因滑雪去世的消息而扼腕悲痛。ONicholas Cage dies in snowboard accident 今晚一直在拼贴一首忧伤的曲子，一并献给尼古拉斯·凯奇，愿你在天堂一样闪亮耀眼。 喜欢滑雪的朋友们，请小心，克制！@桂石 @强哥-121,"真的假的？
[SEP]不会吧？！吃惊
[SEP]回复@祖萌无双:看链接、、、泪
[SEP]假的吧？
[SEP]不相信不相信不相信！！！！！泪泪泪
[SEP]泪蜡烛
[SEP]假新闻坑爹呢。。。→_→@oh_笨NaNa
[SEP]刚刚百度了一下，说是国外娱乐网站恶搞的，我晕//@三俗猴:蜡烛//@去看大海微博:可能是上帝要看他演戏，召唤走了//@王子_rai:啊泪//@摄影棚里的胖胖滨斯:淚//@江湖一郎:hit！//@gafi:Oh!No!
[SEP]假的、
[SEP]假新闻，详见养豆豆的猫:这是真的啊~~~~~？？？？？@深_大风堂@有只猫说@睡3-吃5-干16@羅小姐..........
[SEP]假新闻，详见//@养豆豆的猫:这是真的啊~~~~~？？？？？@深_大风堂@有只猫说@睡3-吃5-干16@羅小姐..........
[SEP]造谣一时爽，全家火葬场
[SEP]已经辟谣了，假的
[SEP]V用户造谣，真不要脸，一点分辨能力都没有
[SEP]//@红色海棠:@江南的葡萄你喜欢的星腾讯娱乐讯1月18日凌晨，微博上有网友爆料称美国著名影星尼古拉斯·凯奇因滑雪意外身亡，并附带国外网站新闻链接，此举在深夜引来无数网友关注。后经初步证实，外媒并未大量报道此事，尼古拉斯·凯奇也曾多次“被死亡”，此次很有可能是网友再一次恶作剧所为。
[SEP]晕，转的都是带V的。
[SEP]//@背靠背面对面:假的!//@心发现:啊！真可惜。//@兔子奶奶熊的娘长颈鹿的爱:蜡烛蜡烛蜡烛//@笑吾嗔痴:？？//@哈男hotograher:真的假的？
[SEP]蜡烛蜡烛蜡烛蜡烛蜡烛蜡烛蜡烛蜡烛蜡烛
[SEP]切！讨厌！原来是假新闻
[SEP]回复@liamaerd:已经删不了。
[SEP]铁桥同志就这样躺着中枪牺牲了，只许州官放火不许百姓点灯！
[SEP]悲伤
[SEP]哈哈
[SEP]",1
新骗局来了，如果你接到任何一个电话（包括10086或10010），说是在检查你的线路，并要求你按#键或其它任何按键，请不要按那些键并马上结束通话。那是一家诈骗公司，他们的机器能在你按下任意键后，连接到你的SIM卡并用你的话费打电话。(还可以窃听你的一切通话和短信) @江宁公安在线 这是真的吗？,"电话簿首号码就是10086还设置了一个相对当可喜的名字，哈哈哈~~我会告诉你那是使用带键盘手机的时候怕误触通讯录而设置的莫~~~哈哈哈
[SEP]N年前的谣言了好吧
[SEP]//@江宁公安在线:警察蜀黍总结过的网上十大谣言第一名！谣言界的不老松，常青树！不断变种至今流传了已经将近20年了！它要是一个月不在微博上出来一次，警察蜀黍都有点不习惯了呢！偷笑实在担心的话鉴别方法也很简单：主动拨打10086或者10010核实
[SEP]滚吧
[SEP]传播谣言会坐牢的、不会因为你蠢就免刑
[SEP]回复@小K兄弟:看最后一句，江宁公安在线这是真的吗？
[SEP]举报的人←_←断章取义啊
[SEP]回复@所谓CXY陈晓芸:你还能看到吗？我也就是问问就被举报了，又不是真传播，在说这骗孑都有打电话显示各种号码行骗，这种是不是也有可能？
[SEP]回复@爱老大-灵儿:举报人语文没学好←_←
[SEP]@梦回滨城@楠宝B
[SEP]新 骗 局 几分钟前确实有10086打电话进来，不过我没有接！大家注意了，新骗局来了，如果你接到任何一个电话（包括10086或10010），说是在检查你的线路，并要求你按#键或其它任何按键 ...(发自@微博桌面 微博桌面首页）
[SEP]注意新骗局来了！如果你接到任何一个电话（包括10086或10010），说是在检查你的线路，并要求你按#键或其它任何键，请不要按键并马上结束通话。 那是一家诈骗公司，他们的机器能在你按下任意键后，连接到你的SIM卡并用你的话费打电话。窃听你的一切通话和短信，也就是复制卡 。《焦点访谈》已经播出。
[SEP]发表了博文 《2013-07-14 11:59》 - 新 骗 局 几分钟前确实有10086打电话进来，不过我没有接！大家注意了，新骗局来了，如果你接到任何一个电话（包括10086或10010），说是在
[SEP]大家注意了，新骗局来了，如果你接到任何一个电话（包括10086或10010），说是在检查你的线路，并要求你按#键或其它任何按键，请不要按那些键并马上结束通话。 我在:三秀路
[SEP]那是一家诈骗公司，他们的机器能在你按下任意键后，连接到你的SIM卡并用你的话费打电话。(还可以窃听你的一切通话和短信，也就是复制卡)  把这条信息发给尽可能多的好朋友，阻止这项诈骗。中央电视台《焦点访谈》已经播出，如果愿意，把这条信息发到你的朋友圈！
[SEP]回复@厦门网:那是一家诈骗公司，他们的机器能在你按下任意键后，连接到你的SIM卡并用你的话费打电话。(还可以窃听你的一切通话和短信，也就是复制卡)  把这条信息发给尽可能多的好朋友，阻止这项诈骗。中央电视台《焦点访谈》已经播出，如果愿意，把这条信息发到你的朋友圈！
[SEP]求答，按了是什么后果呢
[SEP]肯定是扰乱社会治安罪丶妨碍公务罪再给关起来了，要是有说理的地方，会有这事?树活一张皮，人活一张脸，老太那么大一把年纪了，不是万不得已，是不会出此下策的让习大大也听听吧，这才是民声 //【洛阳女劫警车裸体抗议 千人围堵阻警抓人 助讨说法】网页链接 (分享自 @今日头条)
[SEP]【 (视频)洛阳现女劫警车裸体抗议事件 千人围堵阻警抓人 助讨说法】一名年近六旬的妇女裸体站在一辆警车顶上抗议司法不公，被警察从警车抓下殴打后关押。千人围堵警察声援抗议者，导致交通堵塞数小时。据了解，抗议妇女为被冤死的弟弟上访20年无果，为引起关注才裸体抗议。 网页链接
[SEP]",1
【足协再次强调逃避调节费扣分3年完成名称中性化】今日，中国足协在上海召开2018赛季职业联赛动员大会，颁布了2018赛季职业联赛的新举措。在调节费问题上，如果存在故意逃避引援调节费行为的，经过核实将扣除1-15个联赛积分，涉事球员将被暂缓报名半年。此外，中超工资帽及球队中性化的问题也预计2020年开始实行！|足协再次强...,"有病 有意思，这一次就夸一夸足协吧 哦 回复@谈十晚又谈拾晚:就是不带赞助商，这样能尽量保持几十年甚至上百年球队名称不变 体奥动力的80亿付了多少？没付的还会给吗？ 效仿NBA的模式，不错，为足协点赞二哈 什么是球队名称中性化 亲身那边垃圾处罚么 垃圾 工资帽笑cry 太棒了 厉害了 回复@谈十晚又谈拾晚:比如北京李宇春队，或者广州曾轶可队就好了。doge 回复@平山少林寺:猴山队：响应足协儿子的号召..反正许老板怎么说足协怎么办.国家队教练的钱都是我们掏的.必须听我们的 名字中性化很好赞赞 回复@谈十晚又谈拾晚:大连队广州队上海队北京队。。。。没有企业名称了比如广州想组全华班就买你u23队 回复@平山少林寺:你河南爸爸早已洞察到了一切，所以喊出U23全华班，某大毕竟足协亲儿子 什么时候球衣上印名字 巡视组都进总局了，你们还是先消停一会儿吧…… 其实以前上海浦东（1995-1997，98年起加了惠而浦的后缀），上海国际（2003-2004，05年起加了永大的后缀）就是中性冠名的尝试，当时也没人赞扬过。而上海申花原本是造洗衣机热水器的企业，后来企业早已不赞助球队了（2001年底郁知非卸任后SVA和SMEG入主），这种事实上成为球队历史一部分的也算中性吧 回复@戴哈哈_:广州恒大和广州富力怎么分？ 意思是北京国安要被扣分了？ 很好，以后不用看比赛了也就不用心痛了。我还能多活几年 以前重庆有个重庆红岩队泪 回复@眷恋与不舍:🙏 弟弟本是风华正茂，意气风发的年纪，却不幸患上白血病。倾家荡产迎战病魔，年少的他坚强支撑，因来自农村困难家庭，经济能力有限，尽管经过化疗得到有效的控制，却无法做骨髓移植。恳请大家去我微博，伸出爱心之手，托起一份希望。谢谢。 回复@燃烧的蓝:那个不疯狂买u23就是富力 回复@燃烧的蓝:就是不用冠名，起一个队名 回复@燃烧的蓝:往下分，广州天河队，广州越秀队 这样真挺好让球迷城市有认同感 估计只要足协没收到调节费，都会被判为故意逃避 另外这个工资帽的具体数额应该选择就公布了，因为一般内外援引进，签合同都是3年左右的，你现在提前2年得说好，2年后这顶帽子总额多大，否则后年那么多大牌外援触发工资帽，联赛不能报名，卖又没人接盘，多大浪费？ 回复@燃烧的蓝:广州城和广州联doge 所以这就意味着足球史上第一次明码实价，1分能换多少钱，不错中国足协，你丫创造历史了。 中国足球各地的发展水平本就不同，这样管理就像当初的大锅饭时代没有出路！应该让足球发展比较好的一些地区自行管理就像如同设立了足球特区一样。而其他地方足球由中国足协统一管理规划，国家的改革开放就是这么成功的！ 什么叫故意逃避，还有被动逃的吗 这样以后就不能有广州恒大上海上港了？ 足协收调节费的话交不交税？交的话算什么税？这些钱用来干嘛？还有每年处罚球员球队收的罚金怎么处理的？ 回复@童话睡了:上海金星队？ 回复@燃烧的蓝:广州联队和广州城队允悲 足协恨抽恒大的脸又不好说开 球衣上印个名字可能也得等一个巨大的决心才能实现吧 世界上最好的足球有五大联赛，为什么最好的篮球只有NBA 还能找出比中国足协更能毁足球的吗？ 回复@燃烧的蓝:红队，蓝队 要完 比如上海申花，北京国安 👀 典型的中国猪协，纯粹的拔苗助长，等着看中国足球回到零起点 回复@这条鱼在乎76:巴傻闭嘴吧doge 草泥马 屁用没有，限制外国大牌球员中国足球就有救了？ 现在开始闭门造车了。大家等我们的好消息-一定要用钱办一次世界杯 回复@宇宙超级霹雳无敌十八哥:领导开销很大滴，你要理解领导doge吃瓜 除了名称中性化以外都是垃圾 有没有说球衣印名字的问题 中性化？大连马栏子竞技队？doge。 所以呢？允悲允悲允悲 对于足协我连骂的兴趣都没有了已经摊手摊手摊手 1-15？？？ 摊手 强烈要求球衣标准化，必须含队徽，号码，姓名。 吃相难看 现在足协真是任性！如此收调节费有依据吗？钱用到哪去了？还有U23规定，简直奇葩！ 今年中超应该不会像去年那么有竞争力了，好外援不让上场。整个什么u23新政。中超说到底是商业联赛。没有精彩的球赛和球市。俱乐部不敢引超级大牌，大牌来了又不一定都有球踢。这违背商业联赛规则了，好吗？ 大连维i队
[SEP]狗不能喂的太饱，人不能对他太好，有的人狗都不如，得寸进尺，搞得我欠你什么一样。
[SEP]谁惹你了？淦
[SEP]提问：狗不能喂的太饱，人不能对他太好。表现了什么规律？
[SEP]质量互变规律
[SEP]杨sir你考咋样！
[SEP]人活一世，就算你人缘再好，能在你困难的时候帮助你的还是只有那么寥寥数人。狂欢，不过是一群人的孤单。真正的朋友，是能够伴你度过寂寞、孤独以及沉默的那个人；狗不能喂的太饱，人不能对他太好！忍一时得寸进尺，退一步变本加厉。玩笑别太过，要不都是祸。
[SEP]一切都会好的@触摸彩色阳光
[SEP]狗不能喂的太饱，人不能对他太好！
[SEP]忍一时得寸进尺， 退一步变本加厉。
[SEP]玩笑别太过，要不都是祸。
[SEP]情不够，钱来凑，有钱身后一群狗，没钱社会路难走。
[SEP]看清对你好的，记住被谁咬的。
[SEP]该吃吃该喝喝，破事儿别往心里搁。
[SEP]是人是狗，是敌是友，时间长了自己瞅。
[SEP]是鬼别装人，是人别装神。
[SEP]若无其事，原来是最好的报复。
[SEP]心累到一定的程度，连生气和计较的力气都没有了……何必向不值得的人证明什么，生活得更好，是为了自己。
[SEP]或许每个人都要经历掏心掏肺付出，然后换来撕心裂肺的结果，从此以后就会发现没心没肺的好处。
[SEP]朋友，狗不能喂的太饱人不能对他太好，这个道理你应该明白吧 #感悟 #智慧 #人生 ##快手# @快手 老尹有话的快手视频
[SEP]有一种人特别犯贱，你对他越好，他就越伤害你，在一起时间久了就觉得一切都是理所当然的，真是有句话说的好，狗不能喂的太饱，人不能对他太好。
[SEP]一个女人最大的骄傲不是长相多好，而是她男朋友有多么疼她！
[SEP]狗不能喂的太饱，人不能对他太好！忍一时得寸进尺，退一步变本加厉。玩笑别太过，要不都是祸。
[SEP]不要太重感情，也不要太善良，
[SEP]因为狗不能喂的太饱，
[SEP]人不能对他太好，
[SEP]别把你的善良喂了狗，
[SEP]也许他会反咬你一口。
[SEP]#涉仝卓事件临汾市教育局总督学被逮捕#狗不能喂的太饱，人不能对他太好，人都不能惯，越惯越混蛋。惯一个成年人毁其一时，惯一个儿童毁其一生。
[SEP]老友难在，新友难交。
[SEP]新的一天加油呀
[SEP]人不能对他太好了，狗不能喂的太饱。
[SEP]狗都知道报恩，人却会一味的得寸进尺，不知廉耻。
[SEP]人生路太难走，人心太复杂，所有事情都不是能等量交换的人不能对他太好，狗不能喂的太饱
[SEP]1、狗不能喂的太饱，人不能对他太好！
[SEP]2、肉有五花三层，人有三六九等！
[SEP]3、没有鱼鳖虾蟹，哪有花花世界！
[SEP]4、不交几个人渣，怎能货比三家！
[SEP]5、你不尝过几次心寒，怎能分辩真假？
[SEP]----------------------------
[SEP]来自于烟雨不胜寒的酷狗评论
[SEP]点击下面链接，和我一起听歌看评论吧~@酷狗热评@酷狗音乐http://t.cn/A6LznCPT
[SEP]狗不能喂的太饱，人不能对他太好，在自己觉得他让你不舒服的时候就应该拒绝，人生短短几十年要为自己而活，不要让别人高兴舒服了而委屈自己。
[SEP]狗不能喂的太饱，
[SEP]人不能对他太好；
[SEP]忍一时得寸进尺，
[SEP]退一步变本加厉；
[SEP]玩笑别太过，
[SEP]要不都是祸；
[SEP]男人看手腕，
[SEP]女人看脸蛋；
[SEP]该吃吃，该喝喝，
[SEP]破事儿别往心里搁；
[SEP]不是感觉谁不行，
[SEP]没两下子别多情；
[SEP]情不够，钱来凑；
[SEP]有钱身后一群狗，
[SEP]没钱社会路难走；
[SEP]看清对你好的，
[SEP]记住被谁咬的；
[SEP]是人是狗，是敌是友，
[SEP]时间长了自己瞅；
[SEP]是鬼别装人，是人别装神；
[SEP]昨天是历史，今天是开始，
[SEP]明天谁都不好使！
[SEP]这世间养不熟的白眼狼太多了 “人不能对他太好，狗不能喂的太饱”这句话很对啊
[SEP]所谓人生就是，听不完的谎言，看不透的人心，放不下的牵挂，经历不完的酸甜苦辣。狗不能喂的太饱，人不能对他太好！忍一时得寸进尺，退一步变本加厉。玩笑别太过，要不都是祸。
[SEP]【对于麻木的人，记住】
[SEP]有些人永远都不要对它太好！或许它才知道重视与恭敬。往往你越是对它好在乎它，它就越发的肆无忌惮，它就越是不把你当回事
[SEP]。。这就是真理！俗话说狗不能喂的太饱，人不能对它太好
[SEP]人人都是对方的一面镜子，你对他怎样，他就会对你怎样！没有谁比谁牛逼，没有谁离不开谁。 chys007的微博视频
[SEP]狗不能喂的太饱
[SEP]人不能对她太好
[SEP]老婆不用太漂亮
[SEP]适合过日子就好
[SEP]缘分就像一本书
[SEP]翻的不经意会错过童话
[SEP]读得太认真又会流泪
[SEP]有些事情 一旦越轨
[SEP]伤害的不仅仅是两个人
[SEP]还有一整个家庭
[SEP]如果用十分的热
[SEP]都换不来一分的暖
[SEP]那就别再去强人所难
[SEP]用百般的好赢不来一次的疼爱
[SEP]就别再去期待
[SEP]每个人的感  ...展开
[SEP]来过
[SEP]狗不能喂的太饱，人不能对他太好，肉有五花三层，人分三六九等，不交几个人渣，怎能货比三家，
[SEP]人不能对他太好，狗不能喂的太饱，别把你的善良喂了狗，也许他回头就会反咬你一口，
[SEP]我现在才知道，人不能对他太好，狗不能喂的太饱的道理，不然不知什么时候他就给你反咬一口有些名言，说的还是很有道理
[SEP]非常深刻的道理
[SEP]狗不能喂的太饱，人不能对他太好。我他妈就是平时对你太好了让你膨胀了……………
[SEP]狗不能喂的太饱人不能对他太好
[SEP]肉有五花三层人分三六九等
[SEP]没有鱼鳖虾蟹哪有花花世界
[SEP]不交几个人渣怎能货比三家
[SEP]不尝几次心寒怎能分辨真假
[SEP]干嘛
[SEP]有些人不能对他太好
[SEP]有些狗不能喂的太饱
[SEP]车坏了可以修，良心坏了何处修
[SEP]人若没有一颗感恩的心🙃
[SEP]到最后，你的世界只会剩下你自己
[SEP]狗不能喂的太饱，人不能对他太好！ 忍一时得寸进尺， 退一步变本加厉。玩笑别太过，要不都是祸。没瞎看清对你好的，脸不是别人给的，给你脸不要脸，记住被谁咬的。该吃吃该喝喝，破事儿别往心里搁。是人是狗，是敌是友，时间长了自己瞅。是鬼别装人，是人别装神。
[SEP]知道你为什么这么失败吗？就是你太重感情了，内心太善良了，请记住这句话，人不能对他太好，狗不能喂的太饱，别把你的善良喂了狗，也许他回头就会咬你一口。
[SEP]狗不能喂的太饱，人不能对他太好，肉有五花三层，人分三六九等，没有鱼蹩虾蟹，哪有花花世界，不交几个人渣，怎能货比三家，你不尝过几次心寒，怎能分变真假！
[SEP]人和人太熟，就知道刀子往哪里捅最痛，没有收拾残局的能力，就不要动歪心思，说到底狗不能喂的太饱，人不能对他太好！忍一时得寸进尺，退一步变本加厉。你有本事躲一辈子，就别出来见人，这件事决不妥协，你也别想继续，你要敢让它和峰哥挂在一起，你也别想过了。@壹峰信 @张阿信
[SEP]杨瑞伦超话 中午好瑞伦，有些狗啊不能喂的太饱，人不能对他太好！忍一时得寸进尺，退一步变本加厉。玩笑别太过，要不都是祸。
[SEP]手绘头像少女团队超话
[SEP]狗不能喂的太饱，人不能对他太好！ 忍一时得寸进尺， 退一步变本加厉。手绘头像女玩笑别太过，要不都是祸。情不够，钱来凑，有钱身后一群狗，没钱社会路难走。 女生头像看清对你好的，记住被谁咬的。该吃吃该喝喝，破事儿别往心里搁。情侣头像是人是狗，是敌是友，时间长了自己瞅。是鬼别装人，是人别装神！#情感##女生头像##女生头像无水印#
[SEP]狗不能喂的太饱，人不能对他太好。
[SEP]肉有五花三层，人分三六九等。
[SEP]没有鱼憋虾蟹，哪有花花世界。
[SEP]狗不能喂的太饱，人不能对他太好。不交几个人渣，怎能货比三家。不尝过几次心寒，怎能分辨真假！
[SEP]涂磊老师的几句话很有道理——
[SEP]对男人的好 适可而止
[SEP]所有的女人请记住：
[SEP]自私的男人不要对他太好
[SEP]知道你为什么这么失败吗
[SEP]就是你人太好
[SEP]内心太善良
[SEP]人不能对他太好
[SEP]容易把他撑死
[SEP]别让你的善良喂了狗
[SEP]男人不能惯 越惯越混蛋
[SEP]……
[SEP]操你妹的，不怕被男人骂你祖宗呀
[SEP]如果你是一个没有心眼的实在人，那么请记住以下几句话：狗不能喂的太饱，人不能对他太好，肉有五花三层，人分三六九等，没有鱼鳖虾蟹，哪有花花世界，不交几个人喳，怎能货比三家，你不尝过几次心寒，怎能分辨真假……
[SEP]如果你是没有心眼的实在人，请记得这几句话，狗不能喂的太饱，人不能对他太好，肉有五花三层，人分三六九等，没有鱼蹩虾蟹，哪有花花世界，不交几个人渣，怎能货比三家，你不尝过几次心寒，怎能分变真假！ 柠檬Laj的微博视频
[SEP]想要活得开心，就不要与傻瓜论长短，不跟傻子讲道理，不和三观不同的人争论是非。狗不能喂的太饱，人不能对他太好！忍一时得寸进尺，退一步变本加厉。
[SEP]狗不能喂的太饱，容易把他撑死。
[SEP]别让你的善良喂了狗。
[SEP]男人不能惯，越惯越混蛋！
[SEP]所有的女人请记住 人不能对他太好 狗不能喂的太饱#励志正能量语录 #马伊琍 #女人不容易赞同的双击666 #娱乐圈的那些事儿 #感谢快手我要上热门#记录世界 记录你# 叮当（明星视角）的快手视频
[SEP]有时候你为别人考虑太多别人未必会领情。所以才会有那句：人不能对他太好,狗不能喂的太饱！可能是我方式不对，要好好反省自己了。试着学会啥也不管啥也不问，安安静静的吧。
[SEP]说得对
[SEP]文言：斗米养恩，担米养仇。
[SEP]白话：人不能对他太好，
[SEP]狗不能喂的太饱。
[SEP]字By～文物双全的老史
[SEP]有人惹你了吗
[SEP]如果你嫌我脾气大的话，那你去找个漏气的吧。对你越客气就证明我越不想和你有任何关系。狗不能喂的太饱，人不能对他太好！忍一时得寸进尺，退一步变本加厉。时间是个好东西，让我们知道日久见人心，留到最后的才是好的，也让我们学会冷暖自知，更懂得好自为之。一段变质情感之中的感受――类似困兽，前后皆是深渊。生命很美好，但也是短暂的，死亡是少数几件只要躺下就能完成的事情之一。也许不曾走过同样的路，不曾看过同样的风景，人间况味各有不同，但我们心照不宣。无论好人坏人，心中都会坚持着一样最珍视的东西，一旦遭人侵犯，必会全力维护，不惜以命相博。
[SEP]所有的女人请记住，自私的男人不要对他太好，知道你为什么这么失败吗？就是你人太好，内心太善良，人不能对他太好，狗不能喂的太饱，容易把它撑死，别让你的善良喂了狗，男人不能惯，越惯越混蛋！#浪漫七夕#
[SEP]这......
[SEP]狗不能喂的太饱，人不能对他太好，这些人渣垃圾是我们惯的，以后决不能姑息养奸。
[SEP]有句话：人不能对他太好，狗不能喂的太饱，现在从新学起，应该不会太晚
[SEP]#爱情语录# 请记住五句话：
[SEP]1.狗不能喂的太饱
[SEP]2.肉有五花三层
[SEP]人有三六九等
[SEP]3.没有鱼憋虾蟹
[SEP]哪有花花世界
[SEP]4.不交几个人渣
[SEP]哪能货比三家
[SEP]5.你不尝过几次心寒
[SEP]哪里知道真假
[SEP]狗喂五成饱，对人七分好。
[SEP]掏心掏肺，时间长了就被人当作理所应当，因为人之初 性本贱，升米恩 斗米仇。
[SEP]--------转自网文
[SEP]别和变心的人讲旧情，浪费心，
[SEP]别和心狠无情的人谈感情，不值得，
[SEP]人不能对他太好，狗不能喂的太饱，
[SEP]每个人都应该学会放下，
[SEP]别让不值得的人影响你的心情，
[SEP]多爱自己就好，感觉坚持不住了，
[SEP]就蹲下抱抱自己的腿，说自己一个人可以的，
[SEP]没什么大不了的，一辈子这么长谁不碰见几个人渣呢？踢走就好了。
[SEP]亲爱的自己，又老了一岁🎂 余生岁月，好好爱自己，不再为不值得的人去付出，那句话说的还真对，人不能对他太好，狗不能喂的太饱
[SEP]你要是个没有心眼的人
[SEP]请记住
[SEP]人不能对他太好#微博贴纸#
[SEP]肉分五花三层
[SEP]人分三六九等
[SEP]没有鱼鳖虾蟹
[SEP]人不交几个人渣
[SEP]怎能货比三家
[SEP]不尝试几次心寒
[SEP]怎能辨别真假
[SEP]觉得对的点个赞
[SEP]谢谢
[SEP]人不能对他太好，狗不能喂的太饱，忍一时得寸进尺！有些人天生就是下贱胚子，在迁就都还是那个样！委屈了自己，成全了别人！最后却换不来一句你的好！ 网页链接
[SEP]有些善良，是会养出仇恨的，人心永远是不可测的，人性的自私我算见识了，就牢牢记住一句话吧，狗不能喂的太饱，人不能对他太好……
[SEP]我姐教我三句人生真理经典大话
[SEP]钱难赚 屎难吃
[SEP]你想要老板的钱 老板就要你的命
[SEP]狗不能喂的太饱 人不能对他太好
[SEP]感谢有我姐这样的人在我身边时刻督促
[SEP]共勉
[SEP]狗，不能喂的太饱，
[SEP]太饱不听话，就忘了主人是谁，
[SEP]人，不能对他太好，
[SEP]太好会麻木，就忘了自己是谁，
[SEP]一个人善良没有错，
[SEP]但必须要有原则，要有底线，
[SEP]凡事适可而止就好，
[SEP]如果一味的给予，一味的付出，
[SEP]索取的多了，就忘了感恩，
[SEP]得到的多了，就成了应该。
[SEP]狗不能喂的太饱，人不能对他太好
[SEP]肉有五花三层，人分三六九等
[SEP]没有鱼鳖虾蟹，哪有花花世界
[SEP]不交几个人渣，怎知货比三家
[SEP]不尝过几次心寒，怎能分辨真假
[SEP]不要见人就掏心掏肺，别人不见得心领神会
[SEP]不要见谁都真心相对，别人不一定觉得珍贵
[SEP]谁同舟共济，谁见利忘义，谁虚情假意
[SEP]时间会给出最好的回答！
[SEP]所以不要逢人就掏心掏肺，有些人不值得！
[SEP]过好自己！再穷，不要去坑害身边的人，再难，不要说话不算数，再忙，不要不回人电话，在聪明，不要耍小聪明，堂堂正正做人，明明白白做事，永远不要丢掉别人对你的信任，因为别人信任你，是你在别人心目中存在的价值，人生路很长，自己别把路走短了，把人做好了，什么都会有的。永远不要透支身边人对你的信任！多一点真诚，少一点套路！千金易得，信任难求！
[SEP]可以不理解，但一定要知道（4）
[SEP]十九、想不劳而获的女人，想不努力的女人，只有两种结果，一种是穿不完的地摊货，第二种是逛不完的菜市场。
[SEP]二十、有人在乎你的时候，你生气才是生气，没人在乎你的时候，你生气是给自己找罪受。
[SEP]二十一、狗不能喂的太饱，人不能对他太好！忍一时得寸进尺，退一步变本加厉。玩笑别太过，要不都是祸。
[SEP]二十二、外貌决定有没有可能在一起，性格决定适不适合在一起，物质决定能不能稳定的在一起，信任决定能不能长久的在一起。
[SEP]二十三、所谓理想与现实之间的差距，就是夹起来以为是块肉，咬下去才知道原来是块姜。
[SEP]二十四、除了你自己，没有人会明白你的故事里有过多少快乐或伤悲，这世上根本不存在感同身受，所以别傻傻的摊开伤口向别人诉苦，这世上多的是撒盐的人，而不是医生。
[SEP]忍一时得寸进尺，退一步变本加厉。玩笑别太过，要不都是祸，我就喜欢你看不惯我，又干不掉我的样子，真爽……
[SEP]睡得也太晚了吧😊
[SEP]不错
[SEP]你把我微信删了？
[SEP]如果你是一个没心眼的实在人、那么――请记住下面几句话、狗不能喂的太饱、人不能对他太好、肉有五花三层、人分三六九等、没有鱼虾蟹、哪有花花世界、不交几个人渣、怎能货比三家、你不尝过几次分心寒、怎么分辨真假、
[SEP]今日头条
[SEP]打开
[SEP]狗喂不饱，人讨不好，
[SEP]得寸进尺的人，不能让，
[SEP]变本加厉的人，不能惯。
[SEP]忍一时，坏了自己的事，
[SEP]退一步，断了自己的路。
[SEP]狗见狗，不是咬就是舔，
[SEP]人见人，不是装就是演，
[SEP]狗讨好狗，摇尾巴，
[SEP]人讨好人，说假话。
[SEP]是人是狗，久处之后自己瞅，
[SEP]是敌是友，患难之时看清楚。
[SEP]记住了：
[SEP]狗永远喂不饱，人永远讨不好，
[SEP]有良心的，正眼看看你，
[SEP]没良心的，转脸忘了你。
[SEP]喂自家的狗，看门护院，
[SEP]喂别人的狗，朝你狂吼。
[SEP]自家的狗，喂不饱依然忠诚，
[SEP]别人的狗，喂再多照样离开。
[SEP]人亦如此，
[SEP]喜欢你的人，不用讨好，
[SEP]讨厌你的人，不必讨好。
[SEP]心里没你，眼里没你，
[SEP]处处挤兑你的人，
[SEP]永远也讨不好。
[SEP]喂好自己的狗，
[SEP]做好自己的人，
[SEP]擦亮眼睛看看清楚，
[SEP]珍惜对你好的，记住把你咬的，
[SEP]抛弃欺骗你的，记住亏欠你的。
[SEP]蛇暖不热，狼喂不熟，
[SEP]这就是事实。
[SEP]没钱走路难抬头，
[SEP]风光之时众人围，
[SEP]落魄之后无一人。
[SEP]这就叫现实。
[SEP]是人，不要学狗，摇尾乞怜，
[SEP]是狗，不要装狼，呲牙咧嘴。
[SEP]站好自己的位置，
[SEP]做好分内的事情，
[SEP]别学狗，别装狼，
[SEP]该干什么干什么，
[SEP]该是啥样就啥样！
[SEP]狗不能喂的太饱，人不能对他太好；
[SEP]忍一时得寸进尺，退一步变本加厉；
[SEP]玩笑别太过，要不都是祸；
[SEP]男人看手腕，女人看脸蛋；
[SEP]该吃吃，该喝喝，破事儿别往心里搁；
[SEP]不是感觉谁不行，没两下子别多情；
[SEP]情不够，钱来凑；有钱身后一群狗，
[SEP]看清对你好的，记住被谁咬的；
[SEP]是人是狗，是敌是友，时间长了自己瞅；
[SEP]狗不能喂的太饱，人不能对他太好！ 忍一时得寸进尺， 退一步变本加厉。玩笑别太过，要不都是祸。情不够，钱来凑，有钱身后一群狗，没钱社会路难走。 看清对你好的，记住被谁咬的。该吃吃该喝喝，破事儿别往心里搁。是人是狗，是敌是友，时间长了自己瞅。是鬼别装人，是人别装神。 晚安！好梦。
[SEP]越来越讨厌上班，越来越讨厌看那些所谓的领导摆臭脸！我又不欠你的，我的工作又不是你给的，我又不是给你打工的，今天的社会已经和老爸老妈那个年代不同了，那时民风淳朴人心向善！如今的社会牛鬼蛇神当道，是不是人都想叫唤两声！真的应了那句话“狗不能喂的太饱，人不能对他太好。忍一时得寸进尺，退一步变本加厉。”
[SEP]#收录电影#【《西游记》剧组""齐天乐""#春节晚会#3集在线】秒杀一切春晚，太穿越太欢乐了。各国君王代表队出场，导演杨洁致辞，剧组全体演员大联唱，唐舞，马德华小品，唐僧独唱，金池长老相声，赵丽蓉戏曲小品等节目，让你过足""西游""瘾。全集在线：【1987年 中央台西游记齐天乐春节联欢晚会】中国文艺版本
[SEP]卧槽女儿国那个好漂亮
[SEP]以前演员长得都很自然，美的都很自然，所以演得也特别自然.现在的演员 整没整容都是不定数，更别说演技了..
[SEP]那时候的演员德艺双馨。现在的演员。。。不说了，怕脑残粉
[SEP]红衣的是谁
[SEP]@我的花棉被
[SEP]图3美翻
[SEP]女儿国主意绵绵气质美貌并存
[SEP]哈哈哈，观音菩萨跳舞，如来佛祖使劲在鼓掌😂😂😂
[SEP]@Miss咖啡走糖
[SEP]真挚的“纯情”~
[SEP]为什么截图图片那么清晰，点进去看视频却那么模糊
[SEP]@溜溜小侠
[SEP]@割鸡割鸡cxx 女儿国国王好看
[SEP]放在今天看完全是彩蛋啊！哈哈哈哈哈哈哈哈哈！意想不到啊！我美好单纯的童年回忆，如果看完这台晚会就全毁了……原来假唱上世纪八十年代就有了，炉火纯青的程度放在今天都比不了！厉害！😂😂😂😂😂😂
[SEP]@喝喝兔子养养茶 有点意思
[SEP]今年春晚有东西看了
[SEP]@前列腺炎祖传秘方
[SEP]@百里mie @哎呦喂_说你呢 @192cm的肉丁丁
[SEP]经典！
[SEP]这个真的特别棒！看哭了好几次
[SEP]我还没出生呢
[SEP]这个传世啊
[SEP]🤔🤔🤔🤔🤔必须马着看啊
[SEP]@李躺躺
[SEP]@怪阿姨JOJO_F 你的菜
[SEP]经典阿  之后春晚都没这么好了
[SEP]@吃葫芦不吐葫芦娃-
[SEP]只怪入戏太深
[SEP]有点意思
[SEP]m
[SEP]满满的记忆
[SEP]@Moreno-
[SEP]",0
今日中午12点半至1点15分，新浪微博管理员徐某使用服务器带宽下载CL网爱情动作片42G左右，造成新浪微博无法访问。---对此微博技术负责人@刘子正 侧面证实了此事，并称：从技术上来说，微博管理员拿到了服务器权限：制度问题，下载带宽抢了服务器资源：网络架构问题，45分钟还在持续下载：预案有问题。,"吃惊
[SEP]@曹小操 ？？？？？？
[SEP]黑线
[SEP]求种子偷笑
[SEP]偷笑
[SEP]果然是这个..
[SEP]怪不得中午微薄用不了，原来下片儿去了挖鼻屎鄙视鄙视鄙视
[SEP]那么饥渴。。。
[SEP]哈哈哈哈
[SEP]求证？？？可笑，会出这种事？！这么菜的网络架构？@王泽旭V @管鹏 @龚文祥 @鲍叔叔
[SEP]就42g就导致服务器瘫痪了啊
[SEP]三刻钟还没下完，太慢。。。酷
[SEP]我勒个去
[SEP]靠！种子呢？！可怜
[SEP]那段时间首页怎么刷新是空白的…… 瞧瞧 这和公车私用本质上没差别。
[SEP]good pointgoodgood哈哈哈哈
[SEP]1024今天有什么资源这么火？新浪管理这么混乱？
[SEP]哈哈哈哈哈哈
[SEP]服务器的带宽真好~哈哈~ 45分钟下载了42G~~~~~
[SEP]笑哈哈
[SEP]哈哈哈。那会儿确实登陆不了了。
[SEP]42g  高清画质啊哈哈
[SEP]求cl网解释。。。
[SEP]世界真奇妙！
[SEP]衰
[SEP]Good point.
[SEP]CL的逆袭？1024
[SEP]@鸭梨的亲家_宗宗  是有问题
[SEP]OPs威武
[SEP]挖鼻屎
[SEP]难怪。
[SEP]我勒个去，我说中午那会怎么搜索没内容呢！果然是大公司啊。
[SEP]呵呵
[SEP]果真“无心浪，不微勃”呀……求拷贝，同求片源，求去新浪微博工作
[SEP]搞什么搞！CL出名啦！！
[SEP]这~~
[SEP]谁提供片源？
[SEP]求分享撒！
[SEP]CL要火了~
[SEP]肯定是忽悠的，我去看了，CL哪有这么大的种子合集啊，估计是其他PT站的嘻嘻
[SEP]1024
[SEP]靠，把种子挂出来！挖鼻屎
[SEP]我靠 这么奇葩
[SEP]砖家v5
[SEP]新浪居然不删此博？
[SEP]笑哈哈原来说是这么回事~
[SEP]@来去之间 求辟谣....
[SEP]如果是真的，那跟12306拖垮github一样有意思
[SEP]嘻嘻有鼻子有眼的，难道是真的吗？
[SEP]汗直接找我，何必当初。
[SEP]汗//柯纳:吃惊
[SEP]把种子留下啊！哈哈
[SEP]借刀杀CL？？
[SEP]这严重影响了我们微博的正常使用，种子不是应该共享出来作为补偿才对么？
[SEP]此哥要火！
[SEP]怒
[SEP]网络异常的原因？
[SEP]@宣克炅
[SEP]哈哈
[SEP]求种子
[SEP]怪不得中午上不了微博汗
[SEP]@estone @有多少人叫陈礼辉 @木子文滔 ...
[SEP]走你
[SEP]我了个去的...
[SEP]囧
[SEP]是炒作吧！
[SEP]网传据说该员工被炒，硬盘被领导没收了，没收了
[SEP]吃惊@刘不错
[SEP]果然是大公司啊……网速就是不一般哈哈
[SEP]这欺负人没常识吧。
[SEP]这孩子对爱情太渴望了，新浪就别砸他饭碗，怪可怜的。泪
[SEP]知道为啥那会登录不了了。。。
[SEP]不会吧，如此饥渴？
[SEP]原因找到了
[SEP]同求种子
[SEP]什么鸟人哼
[SEP]xb压力
[SEP]原来中午微博就是这样被崩溃的...
[SEP]牛！
[SEP]难怪。。。
[SEP]此事要火，顺带求CL网全称
[SEP]知道中午那会儿微博哪会儿闹情绪是啥情况了~
[SEP]是不是吧？！我说上不去了呢。
[SEP]我也上不去
[SEP]好员工。
[SEP]如一会儿新浪说此为不实消息，那说明是真的。
[SEP]真的假的啊
[SEP]CL有啥意思，SIS的要不要？
[SEP]大叔，业务部门和技术部门不同的，权限不可能重叠。
[SEP]草*榴
[SEP]#感觉无力再爱了#
[SEP]爱情动作片42G，对得起自己的肾吧
[SEP]爱情动作片42G？
[SEP]爱情动作片是亮点啊！
[SEP]强大啊！新浪微博的管理员是有多寂寞啊！
[SEP]原来是酱紫。。。
[SEP]1、IT运维的内控很重要；2、信息安全的架构有漏洞；3、问题的处理以及应急预案未经过演练。
[SEP]45分钟下了42G，果然是大公司！
[SEP]没品啊。。。45分钟下载42G，跪了。。。壮哉1024 @长官来了
[SEP]难怪我当时@崔林_Lynn 的时候反馈失败，原来是这么回事
[SEP]我棱，今天很忙，一直没看微博，好奇葩的事故啊
[SEP]哎，还以为发生啥大事了呢
[SEP]新浪说：此内容为不实消息
[SEP]汗
[SEP]果然是大公司
[SEP]这是原因
[SEP]碉堡！
[SEP]汗 汗 汗
[SEP]真的啊？
[SEP]回复@山缪:哈哈
[SEP]cl是什么？我很纯洁的
[SEP]lxhx笑
[SEP]新浪威武。
[SEP]赞
[SEP]很多人说是因为auntie zhao
[SEP]目前徐某已被停职，所下载的影片硬盘已被领导没收。（人家45分钟下了42G，果然是大公司） 哈哈哈哈哈哈
[SEP]42G！
[SEP]哼
[SEP]思考不是已经辟谣了吗？
[SEP]好网速！哈哈
[SEP]留几手 手哥，你看这个能给几分？求评~
[SEP]1分钟1个G!汗
[SEP]难怪！@微笑的老徐 你的疑问解决了！
[SEP]俺算了一下，大约15555kb/s，俺4M带宽大约400kb/s，也就占用150多M带宽，每时每刻多少人在刷啊，这点带宽的占用不足以吧？
[SEP]这员工福利，当年搞网络时候plc的网警中心电脑更火爆
[SEP]cl网是啥网
[SEP]不明真相的群众重启了浏览器两次挖鼻屎
[SEP]别的不说，求共享哈哈
[SEP]真的假的？
[SEP]我大CL威武啊，1024！最爱的论坛，没有之一
[SEP]蛋疼
[SEP]原来如比啊！！！42G，还是爱情动作片，无语了挖鼻屎挖鼻屎挖鼻屎挖鼻屎
[SEP]威武大CL啊！1024〜
[SEP]硬盘……
[SEP]@五角的苹果核 中午本准备大骂酷
[SEP]有这个情况???
[SEP]",1
拉面说：想成功，得有人拉一把。饺子说：脸皮不能太薄。窝头说：还是留个心眼好。虾说：大红之日，便是大悲之时。油条说：不受煎熬，不会成熟；总受煎熬，会成为老油条。这就是人生，成功的路上离不开贵人的帮助，名师的指点，朋友的理解，小人的刺激，家人的支持。人生不易且行且珍惜,"可爱 加油↖(^ω^)↗ 偷笑 说的有道理耶 嗯 且行且珍惜 耶耶 最重要的是自己有天分。 0.0 我特么还活着，真特么是奇迹！ 好精辟啊嘻嘻嘻嘻 。。。 成功路上遇一知己贵人足矣 赞啊
[SEP]拉面说：想成功，得有人拉一把。饺子说：脸皮不能太薄。窝头说：还是留个心眼好。虾说：大红之日，便是大悲之时。油条说：不受煎熬，不会成熟；总受煎熬，会成为老油条。这就是人生，成功的路上离不开贵人的帮助，名师的指点，朋友的理解，小人的刺激，家人的支持。人生不易，且行且珍惜。
[SEP]应物
[SEP]拉面说：想成功，得有人拉一把。
[SEP]饺子说：脸皮不能太薄。
[SEP]窝头说：还是留个心眼好。
[SEP]豆腐说：关键阶段，需要点化。
[SEP]虾说：大红之日，便是大悲之时。
[SEP]啤酒说：别急，总有让你冒泡的时候。
[SEP]面包说：渺小时，比较充实，伟大后，觉得空虚。
[SEP]油条说：不受煎熬，不会成熟；总受煎熬，会成为老油条阴阳怪气学超话日常超话#带着微博去旅行# @超话社区
[SEP]拉面说：想成功，得有人拉一把
[SEP]饺子说：脸皮不能太薄
[SEP]蟹说：一辈子只能红极一时
[SEP]豆腐说：关键阶段，需要点化励志哲理人生超话
[SEP]拉面说：想成功，得有人拉一把。饺子说：脸皮不能太薄。窝头说：还是留个心眼好。虾说：大红之日，便是大悲之时。油条说：不受煎熬，不会成熟；总受煎熬，会成为老油条。
[SEP]拉面说：
[SEP]想成功，
[SEP]得有人拉一把。
[SEP]饺子说：
[SEP]脸皮不能太薄。
[SEP]窝头说：
[SEP]还是留个心眼好。
[SEP]豆腐说：
[SEP]关键阶段，
[SEP]需要点化。
[SEP]啤酒说：
[SEP]别急，
[SEP]总有让你冒泡的时候。
[SEP]面包说：
[SEP]渺小时，
[SEP]比较充实，
[SEP]伟大后，
[SEP]觉得空虚。
[SEP]油条说：
[SEP]不受煎熬，
[SEP]不会成熟；
[SEP]总受煎熬，
[SEP]会成为老油条。
[SEP]这就是人生，
[SEP]成功的路上
[SEP]离不开贵人的帮助，
[SEP]小人的刺激，
[SEP]朋友的理解，
[SEP]名师的指路。
[SEP]人生不易。
[SEP]深有感触！
[SEP]一段小哲理，拉面说：想成功，得有人拉一把。饺子说：脸皮不能太薄。窝头说：还是留个心眼好。虾说：大红之日，便是大悲之时。油条说：不受煎熬，不会成熟；总受煎熬，会成为老油条。这就是人生，所以想要成功就要脸皮得厚，关键还要有贵人的帮忙，要忍受常人不能忍受之苦，不经历风雨怎么会有彩虹！
[SEP]油条说：不受煎熬，不会成熟；总受煎熬，会成为老油条。
[SEP]这就是人生，成功的路上离不开贵人的帮助，名师的指点，朋友的理解，小人的刺激，家人的支持。人生不易，且行且珍惜。。。
[SEP]随着年龄的增长
[SEP]有时候觉得真正对你好的人越来越少
[SEP]但不是没有……
[SEP]想念那个帮了我不少忙
[SEP]把我特别当回事儿的人了
[SEP]被动成长也是成长～最近感触太多了～需要约聊分享下遇到的种种人以及人生百态。 话说冰叔出新书了，可以读故事了～
[SEP]转走
[SEP]【晨曦心语】古往今来善良是人性的最低标准，也是人格的最高境界！不埋怨谁，不嘲笑谁，也不羡慕谁。阳光下灿烂，风雨中奔跑，做自己的梦，走自己的路。
[SEP]新的一天开始了，如果没能力把眼前的苟且过好，就暂时不要去想诗和远方。拉面说：想成功，得有人拉一把。饺子说：脸皮不能太薄。窝头说：还是留个心眼好。豆腐说：关键阶段，需要点化。虾说：大红之日，便是大悲之时。啤酒说：别急，总有让你冒泡的时候。面包说：渺小时，比较充实，伟大后，觉得空虚。油条说：不受煎熬，不会成熟；总受煎熬，会成为老油条。这就是人生，成功的路上离不开贵人的帮助，名师的指点，朋友的理解，远人的刺激，近人的支持。几乎每个人都听过不忘初心，方得始终。却少有人知道下一句初心易得，始终难守。
[SEP]善人喜欢为难自己，恶人喜欢为难别人。微笑不用成本，但能创造财富；赞美不用花钱，但能产生力量；分享不用费用，但能倍增快乐。
[SEP]蟹说：一辈子只能红极一时。
[SEP]虾说：大红之日，便是
[SEP]----------------------------
[SEP]来自于梦缘情雪--婷婷的酷狗评论。
[SEP]点击下面链接，和我一起听歌看评论吧~@酷狗热评@酷狗音乐
[SEP]只要你有情绪痛点，如同喝水吃药，水就是情绪表达，药💊就是产品。
[SEP]举例。
[SEP]想成功，得有人拉一把。
[SEP]别急，总有让你冒泡的时候。
[SEP]老醋猪脚说：人生若无酸甜苦辣，哪来的良辰美景.
[SEP]每一个产品，都有天生的戏剧性。我们要把这种有趣发掘出来！
[SEP]不努力就能得到的东西，大概只有体重了吧！
[SEP]这就是人生，成功的路上离不开贵人的帮助，名师的指点，朋友的理解，小人的刺激，家人的支持。
[SEP]人生不易，且行且珍惜。
[SEP]而我们的周围需要更多积极向上，拥有正能量的人，可以时刻鼓励你、鞭笞你、帮助你、监督你，引领你走向更远的地方！努力，只是为了让自己变得更加优秀，从而今生不留遗憾……
[SEP]所以亲爱的，你不必为了谁而改变，如果要成为更好的人，请为了自己。
[SEP]网友分享
[SEP]拉面说：想成功得有人拉一把。饺子说：脸皮不能太薄。窝头说：还是留个心眼。虾说：大红之日，便是大悲之时。油条说：不受煎熬，不会成熟；总受煎熬，会成为老油条。这就是人生，成功的路上离不开贵人的帮助，名师的指点，朋友的理解，小人的刺激，家人的支持。人生不易，且行且珍惜。
[SEP]苗实：
[SEP]经历了，确为大实话！
[SEP]你无需告诉每个人，那一个个艰难的日子是怎么熬过来的。大多数人都看你飞的高不高，很少人在意你飞的累不累。所以，做该做的事，走该走的路，不退缩，不动摇。无论多难，都要告诉自己，再坚持一下，别让你配不上自己的野心，也别辜负了自己曾经经历的一切。
[SEP]也有经历，那时候，我一诉苦，许多人会说，祥林嫂又来了，哈哈哈
[SEP]你相信风水吗？
[SEP]听来的故事:
[SEP]一富豪买了块地，盖了别墅。因为老婆爱吃荔枝，所以，在后院移植了很多百年荔枝树。担心风水不好，于是，专门从香港请来了大师。
[SEP]大师姓德，从事这行三十余年，圈内很有名气。接完大师回去的路上，如果后头有车要超，他都是避让，大师笑到，开车挺稳当的，富豪哈哈一笑，要超车的多半有急事，可不能耽误他们，到了镇上，街道更狭窄了，富豪 放慢了车速，因为有小孩嬉笑着从巷子里冲了出来，富豪刹车避开，小孩笑嘻嘻地跑过去他并没有踩油门前行，而是看着巷子口似乎在等着什么，不一会又一名小孩冲了出来，大师惊讶地问，你怎么知道后面还有小孩，富豪耸耸肩说到，小孩子嘛，都是追追打打，光是一个人他可不能笑的这么开心。
[SEP]德大师竖起了大拇指笑到，真有心。
[SEP]到了自家别墅门前拿了车钥匙准备开门，后院突然飞起七八只鸟见状，富豪停在门口，抱歉地对德大师说到，麻烦大师稍等一会，后院肯定有小孩偷摘我们的荔枝，现在进去，小孩可能会惊慌，万一从树上掉下来，出事就不好了，先让他们摘一会吧。我们在外面先看看。
[SEP]德大师默然片刻说，你送我回去吧，这院子的风水我不用看了。这次轮到富豪惊讶了，大师，何出此言呢？因为有您在的地方，都将会是风水吉地。
[SEP]《老人言》里说，一个人的品行就代表着他的风水，也将会注定他的命运。
[SEP]没有品行，自私自利的人，再怎么勤奋努力拼搏，也许只有徒劳，因为你是一切的根源。
[SEP]过去在家乡闭门读书八年，结果吧，乡里人就很迷信的了，到处乱传，说张家那个宅基地风水不好。父母有点动摇，想搬走，我说，没必要，哪有读书把风水弄坏的道理啊？没有的了，不用搬家！
[SEP]世界上最厉害的人是什么样？说起床就起床，说做就做，说玩就玩，说走就走，说收心就收心。拿的起放的下。
[SEP]生活是一场修行，要想把握生活，首先把握自己。
[SEP]每个人的心里，都藏着一个不简单的自己。只要你不消沉，不悲观，一直偷偷酝酿着乐观，培养着豁达，坚持着善良，始终朝着梦想向前，就没有抵达不了的远方。
[SEP]拿得起，放得下，很难。实现自己的梦想，也不简单的了
[SEP]年轻的时候，被别人误会，恨不能扯住那人衣领解释个三天三夜，如今不会了，如果你不理解我，我们就分头走。
[SEP]我虽然渴，但不是什么水都喝
[SEP]倔劲又上来了，生活不是打仗吧？哈哈哈，你不解释，他解释也行啊，又不犯法哈 苗实老师的微博视频
[SEP]虾说：大红之日，便是大悲之时。成功的路上离不开贵人的帮助，名师的指点，朋友的理解，小人的刺激，家人的支持。人生不易。。。
[SEP]#趣味早安
[SEP]豆腐说：关键阶段，需要点化
[SEP]【思索】拉面说：想成功，得有人拉一把。饺子说：脸皮不能太薄。窝头说：还是留个心眼好。豆腐说：关键阶段，需要点化。啤酒说：别急，总有让你冒泡的时候。面包说：渺小时，比较充实，伟大后，觉得空虚。油条说：不受煎熬，不会成熟；总受煎熬，会成为老油条。这就是人生，成功的路上离不开贵人的帮助，名师的指点，朋友的理解，远人的刺激，近人的支持。
[SEP]《拉面说：想成功，得有人拉一把。饺子说：脸皮不能太薄。窝头说：还是留个心眼好。虾说：大红之日，便是大悲之时。油条说：不受煎熬，不会成熟；总受煎熬，会成为老油条。这就是人生，成功的路上离不开贵人的帮助，名师的指点，朋友的理解，小人的刺激，家人的支持。人生不易，且行且珍惜。 #人生感悟##人生哲理#》唯美走心的句子在百度App发表了新动态，快来和ta互动吧网页链接动态##每日心情记录##一段文字,一种心情##热门小说推荐##话题#
[SEP]饺子说：想成功，脸皮不能太薄。
[SEP]豆腐说：想成型，需要师傅点化。
[SEP]油条说：要成熟，必须受住煎熬。
[SEP]啤酒说：别着急，总有机会冒泡。
[SEP]这就是人生，成功的路上离不开贵人的帮助、名师的指点、朋友的理解。
[SEP]拉面说：想成功，得有人拉一把。饺子说：脸皮不能太薄。窝头说：还是留个心眼好。虾说：大红之日，便是大悲之时。油条说。 看祛💯痘💯印闭口粉刺方💯法种草医生：不受煎熬，不会成熟；总受煎熬，会成为老油条。这就是人生，成功的路上离不开贵人的帮助
[SEP]我的痘痘是反反复复的，现在终于调理干净了，开心😊 😊 😊 😊 一直没有反弹
[SEP]",0
"【美国修改宪法严禁食用狗肉 吃狗肉者或将被全球通缉】据动保立法委@动保立法委网巡组 消息,美国于2018年12月12日正式立法严禁食用狗肉.业内分析人士指出,美国有两百多年食用狗肉历史,此次立法禁食狗肉或将极大改变世界政治格局,美国或将再次充分发挥司法长臂管辖权,对世界各地吃狗肉者进行全球通缉.目前国内小动保协会有可能正在整理国内吃狗肉者名单,上交国际爱狗联盟,谁敢吃狗肉就让美国抓谁 动保立法委网巡组的秒拍视频","@小短腿MaMa
[SEP]@一剑落九雁-
[SEP]@AC米兰1980
[SEP]@上海宠物君
[SEP]@耳卯天198188
[SEP]@Stern_Detonation
[SEP]@笑熬浆糊Mc
[SEP]@瓜仔如是说
[SEP]@蒋拙言
[SEP]求扩散！[发怒][菜刀][菜刀]已核实，土门墩三门面馆，抓流浪狗，贩卖狗肉……大家拨打12331食药监举报！@众生平等1980 @兰州汪汪乐驿站 @兰州流浪动物救助 @动保立法委网巡组
[SEP]你的微博提到本地大V，想让你的微博获得更多关注，欢迎使用同城爆料>>网页链接
[SEP]杀狗犯法你干嘛不报警呢？心里没点逼数吗狗肉真香
[SEP]#中国# 造孽深重啊！@中国小动物保护协会  @动保立法委网巡组:据悉该涉案场所已经被当地政府取缔，幸免于难的犬只已经被救助基地进行安置，那么该案件就此完结了吗？答案是“不”，因为当地政府对此还应该:依法惩治涉案人员，检测现场狗肉是否含有毒物质、并追查狗肉来源和多年的狗肉去向等相关问题
[SEP]“吃狗肉得癌症”或许不是谣传 @动保立法委网巡组
[SEP]广西特别是玉林地区、及韩国地区的癌症高发现象，或为当地特殊的饮食结构所致，这种高度相似的癌症发病状况，或许是由十年或几十年来的食用狗肉文化而导致。食狗肉在韩国和广西特别是玉林地区，已成为有别于世界大部分国家及地区的地方饮食特点。然而这里的人民关注其肉质鲜美的同时，却忽略了其背后所隐藏的健康隐患，更让人意想不到的是，长期食用狗肉，会导致癌症的发病。
[SEP]人怎么就那么好吃呢？吃其他肉不行吗？非要吃狗肉
[SEP]cctv有个节目讲过，很多被毒杀的狗，肉里残留的毒素对人体损害也很大，长时间食用会对肝肾造成很大负担。
[SEP]因毒素致癌不代表狗肉致癌，博主首先混淆了这一概念。其次博主提出了狗肉具有蛋白质高、脂肪含量大的特点，这个说法本身就是错的，狗肉脂肪含量远低于猪肉。驴肉蛋白质比狗肉高，脂肪含量差距不大，但也从来没有驴肉致癌的说法
[SEP]狗肉“鲜美”之说我觉得不能代表广泛的人群，它也只是一少部分人的“美味佳肴”。这就如同某种动物对💩也情有独钟，在牠们的味觉里💩也是很鲜美的。
[SEP]吃狗肉就容易吃到别人毒来的宠物狗，可悠着点吧
[SEP]知道什么叫报应吗，你吃了人家里面看家护院的狗，你吃了警犬搜救犬，报应不远。
[SEP]每年狂犬疫苗销售1200多万支，而每年死于肝癌的人也就20万人，死于吃狗肉得肝癌的人更是少之又少。凡事总是讲个道理，如果大家不能文明养狗，还不如禁止饲养，捕杀流浪狗。吃狗肉和不文明养狗哪个对社会危害大？
[SEP]博主这篇文章通篇是咒语吧！什么可靠调查数据都没有。
[SEP]狗肉致癌就致癌了，反正我不吃，但是博主，毒狗偷盗狗是极其个例现象，人家玉林沛县那些地方都是跟我们吃鸡鸭鱼肉的一样都是要吃活的。再次，狗肉成本100多一斤依据从哪来的？您搞医学的，您在知网cn期刊上看看，有畜牧专业肉狗养殖学术论文，有明确算成本的。您微博粉丝是玄学积攒下来的不是狗保谢谢
[SEP]数据呢？
[SEP]报应
[SEP]任何肉吃多了都会致病，东亚人都是高盐高脂肪。和狗肉无关。
[SEP]东北和贵州的数据还有徐州的不妨也公布一下？
[SEP]就像张辛可那样得肺癌吗？
[SEP]我搜了一下这所谓的“动保”的微博，微博内容全是狗跟猫，没有一条微博是为野生动物发声的，也没保护过野生动物。就是个狗保 猫保。不是动保。@动保立法委网巡组  原来是狗保猫保。我还以为是动保，虚伪的狗奴猫奴，挂羊头卖狗肉。
[SEP]@动保立法委网巡组 真的以为自己没有任何责任？那些被你们释放的狗都去哪了？那些被你们从狗肉店抢走的狗都被你们释放到哪去了？你能拿什么来证明被你们释放的狗没有咬人？
[SEP]为流浪动物庇护中心350多只动物被责令搬家筹集费用。如果可以，请帮帮他转发一下。清早有一个认养人说：如果失败了，我认养的2个狗帮我安乐，不要让它们去狗肉馆，也不要被收缴到那里（收容所）……。@动保立法委网巡组 @动保资讯--共同家园2040 @狗粮大队长 @狗班长 @国民老岳父公 @将动保进行到底
[SEP]网页链接
[SEP]@动保立法委网巡组:请重庆市民对该场所进行监督，如发现该商家再屠宰和售卖狗肉，可向重庆市食品药品监督管理局进行举报！
[SEP]只有立法奖励吃狗肉，才能督促养狗的管好自己的狗，才能体现养狗的对狗是真爱@动保立法委网巡组
[SEP]“动保立法委网巡组”名称违法。 1：“动保”是“动物保护”的简称，此号没有认证为某个动物保护组织，使用违法。 2：“立法委”是公共政府机关才能使用的，此号是私人账号，没有认证使用违法，涉嫌欺诈。 ——— 大家去举报这犬人，举报→选诈骗信息→把上面的内容复制到补充说明中。
[SEP]@动保立法委网巡组:关于此事，经过江苏市政介入，今“沛县农委”给本博回电做解释，称其部门没有参与泄密，是北京一市民将举报人的举报材料等传递给“樊哙狗肉”的，对此，我认为“沛县农委”的该答复缺乏证据，且于理不通，所以被本博驳回，理由:“沛县农委”为被举报方，本博只接受第三方调查结果！
[SEP]619救下的狗狗，因为皮肤病，剃毛后就是这个样子！这和基地里的东东是不是有得一拼~~~~人啊~别再一时兴起就养宠，一时扫兴就遗弃~爱吃狗肉的朋友，像这样皮肤病的狗你们看了还吃的下嘴吗？且行且珍惜@温州萍姐动保中心创始人侯友妹 @动物生存权利捍卫者 @动保立法委网巡组 @龙港百姓 @龙港大叔新闻 @JAR流浪动物救助 @龙泉流浪小动物救助  流浪狗互助站的微博视频
[SEP]@可笑记: 粗略清算了一下，到今天为止，我已经杀了不下二百条狗了，一天不杀狗就不舒服，哎呀妈，上瘾了！😁️
[SEP]@动保立法委网巡组:【周知】依据国家农业部文件，该“动物检疫证明”（A证）申报成功后，其动物仅用于运输、参展、或宠物交易，不能用于屠宰销售！餐饮场所对于肉类食材所索取的为肉类检验检疫证（B证）而我国不存在对狗肉的检验检疫。结论:确定该狗肉店在私屠滥宰和制售未经检验检疫食品。@吉林发布
[SEP]我也就是说了在狗肉问题上中立，就引来这么个疯子。@动保立法委网巡组  @微博管理员  @不要投诉我啊嘤嘤嘤  @来去之间 @全力对抗狗奴  麻烦大家帮忙举报。
[SEP]哥你是大V举报容易的
[SEP]足以可见吃狗肉的危害，，，脑子都坏掉了，狗肉害人不浅啊！！吃了都发疯了！！吃狗肉的神经都不正常了呢
[SEP]那个人头像里面全是不一样的人
[SEP]估计也不是真实照片头像
[SEP][周知：所有流浪狗基地均为违法]国土资源部和农业部表示中国不存在合法流浪狗基地,形形色色的基地均涉嫌违法!在我国城市地区建设流浪狗基地需要取得土地证规划证和建筑许可证,我国民间流浪狗基地均不具备有效合法证件.在农村,土地主要用途为耕地,宅基地和养殖用地.农业部禁止大规模犬只养殖!
[SEP]这人是疯狗吧
[SEP]这些人估计得了狂犬病，已经举报
[SEP]已举报
[SEP]顺便举报一下@亚洲动保之声
[SEP]真的是，他们这些极端狗黑特别丧心病狂
[SEP]连中立都被喷，真是疯子，已举报
[SEP]垃圾人太多了，戾气又重
[SEP]我去，真的是什么人都有啊
[SEP]确实很疯～
[SEP]用词之恶心。
[SEP]中立？看评论里几个极端狗奴强大的支持就知道怎么回事了
[SEP]这人变态吧
[SEP]不堪入目。。。真是。。。
[SEP]这个人以前盗我照片做头像，我举报还不成立，气死我了
[SEP]@微博小助手 @微博管理员 那么多举报了还不封这两个号？
[SEP]已经举报
[SEP]不要理会，否则反而来劲。
[SEP]一个让好人伤心，坏人肆虐的社会一定有问题。
[SEP]校长你千万不要理这些疯子，他们这样会有报应的。我们支持你。
[SEP]这货还有个号@爱狗人士妈全炸了  ，也是这样骂人的，他两三天换一次头像，而且头像都是盗用别人的
[SEP]个人有个人的观点，这就是我们与文明社会的差距，厉害了我的国
[SEP]@亚洲动保之声 随手艾特一条野狗~为了让大家讨厌狗不择手段
[SEP]惹不起惹不起
[SEP]疯子
[SEP]这个人是疯子吧
[SEP]這是什麼人阿，真的目瞪口呆
[SEP]@亚洲动保之声 又吵吵狗肉养殖规模化，又吵吵禁止养殖，你精分啊？说你🐴呢，往后稍一稍
[SEP]广西某地居然搞了个狗肉节！蛮荒之地的野蛮之人啊！@中国政府网 @中国文明网 @动保立法委网巡组: 逃命去吧，远离狗肉国，远离噩梦
[SEP]所以，你是来寻衅滋事的呢，还是来欺骗人民达到网红目的的呢？你的个人认证呢？@动保立法委网巡组  你觉得吃狗肉就是不喜欢动物咯？你觉得玉林人都是大坏蛋咯?你这个名头可以啊，但是，我怎么没有看到个人或企业认证呢？顺带提一句，老子是玉林本地人，但体质不好不吃狗肉。玉林@玉林生活资讯
[SEP]【婴儿8毛钱治好的病需花10多万】一名刚刚出生2天的婴儿，由于便秘到深圳儿童医院就诊，照了十多次X光、做了一百多项检查后，医生告诉婴儿父亲陈先生，要想治好婴儿的病须做3次大手术，费用要十多万元。
[SEP]对此，学过医的陈先生抱着强烈地质疑，抱上婴儿去了广州一家医院，没想到只花8毛钱就治好了婴儿的病。
[SEP]诸位，你对儿童医院这一丧尽天良的做法作何评论？
[SEP]#婴儿8毛钱治好的病需花10多万##百天婴儿患罕见病无钱治# via西子丹聊斋的秒拍视频
[SEP]正常，西关医院也是这啊
[SEP]婴儿被诊断需花10万元做手术 最终花费8角钱痊愈。　　陈先生称，深圳市儿童医院在给孩子拍了十几张X光片后，要求给出生才几天的新生儿做一场费用超10万元的大手术。陈先生拒绝了手术，带孩子到广州市儿童医院治疗，结果仅用8毛钱的石蜡油就治好了孩子的病。链接在此：网页链接
[SEP]噗
[SEP]婴儿被诊断需花10万元做手术 最终花费8角钱痊愈--陈先生称，深圳市儿童医院在给孩子拍了十几张X光片后，要求给出生才几天的新生儿做一场费用超10万元的大手术。陈先生拒绝了手术，带孩子到广州市儿童医院治疗，结果仅用8毛钱的石蜡油就治好了孩子的病。网页链接
[SEP]广药白云山维一植物精油￼网页链接 #心肌梗塞# 跨界George的秒拍视频
[SEP]广药白云山维一植物精油￼网页链接
[SEP]⭕哪些人最需要做头疗？
[SEP]1⃣经常熬夜加班的人，比如医生
[SEP]2⃣经常失眠，睡眠质量差的人
[SEP]3⃣经常上网的人
[SEP]4⃣记忆力不集中，记忆力下降的人，如学生
[SEP]5⃣脑血管不好的人，如高血压，脑梗人群
[SEP]6⃣颈椎不好的人
[SEP]7⃣经常头痛头晕脑胀耳鸣的人
[SEP]8⃣长时间开车的人
[SEP]9⃣头发质量不好，脱发人群#哪里痛喷哪里# $白云山 sh600332$ 跨界George的秒拍视频
[SEP]回复@小丸子七十二变 的表态:中午好
[SEP]@跨界George  @薯襄门地  @蜗蜗生发阿莲
[SEP]【#盐城##班主任让13岁女生喊其老公# 教育部门：将开除！】近日网友爆料，盐城市滨海县第一初级中学某班主任在和学生聊天时，要求任课班级的女生喊他“老公”，言辞严重失当。记者从滨海县教育主管部门了解到，经查，网帖聊天内容基本属实，教育部门初步处理意见是将该教师开除。#官方通报班主任给女生发暧昧信息#盐城一班主任竟让13岁女生喊其“老公”！教育局：开除！ #官方通报班主任给女生发暧昧信息#
[SEP]这属于炼铜吧，就不应该进教育行业
[SEP]就算在监狱中也是在歧视链最底端|
[SEP]网友爆料：原文如下：江苏省盐城市滨海县第一初级中学，初一一班班主任 李清平于12月20日上午10：50左右当堂殴打学生，猛扇学生耳光十多次，将学生的头部猛烈撞击黑板，导致学生左侧眼眶和左侧整个脸部大面积淤青红肿发紫发黑，当时就有眼睛模糊看不清现象，晚上开始伴有头昏、呕吐，脖子疼症状。
[SEP]昨天才看到类似的视频，今天又有了，开除的好！就该严惩，道貌岸然的东西！
[SEP]女孩给他的备注是“帅气老班”，还每一条都回复，说明她也不是什么好人。
[SEP]？？？？？？48岁的已婚男老师，然比他小35岁的班上女同学叫他老公？？？？这是畜牲吧？！
[SEP]滨海县第一初级中学事多
[SEP]又是恋童癖
[SEP]人面兽心，不配做人民教师，希望教育局一定严查！
[SEP]长得没罗志祥帅还想泡妹子。
[SEP]为人师表没有一点师德师风
[SEP]前几天看到过这类似的，又有了，开除的好，行为太恶劣了
[SEP]罗志祥的事情呢
[SEP]呕🤮
[SEP]胆子真大，你就不怕孩子家长打死你？
[SEP]老师不如学生懂事，枉为人师啊 这样的老师能教出什么样的学生啊
[SEP]可怕！想想当初我们班主任来查寝（女寝），还要在门口先敲门再站一会儿等我们都弄好了后再进来
[SEP]撤销他的教师资格证，不然他还会去别的地方教书
[SEP]这就是刻意的去满足自己的想象，学生都已经不断拒绝了，这也是一种提醒，你是老师我是学生，你注意点形象。这老师怕是秀逗了，刻意忽略了，他可能觉得，自己只是口头和想象中的满足，没做实质性的行为，学生不会也不敢说出去的，（科普一下，这种口嗨都是一种试探，一再容忍就会刺激到他）这下傻了吧？
[SEP]woc！有病叭！
[SEP]我遇到的好几个老师都是这样，亲身经历好几个
[SEP]变态
[SEP]有病吧
[SEP]回复@Bob77:放屁
[SEP]感觉这种老师可以阉了
[SEP]回复@Bob77:有病，真的是
[SEP]别开除了，直接拖出去，犬决！
[SEP]个人觉得江苏的教育系统还是不错的。
[SEP]开除了之后也请密切关注这个小姑娘的人生安全吧，总觉得这种变态什么事情都做得出来
[SEP]精虫上脑
[SEP]什么心态？
[SEP]老师不应该教好的？
[SEP]就算女生主动叫，也不能答应，这是原则问题！
[SEP]开除就完了？
[SEP]开除就完了？打什么马赛克，建议曝光
[SEP]为什么打马赛克？
[SEP]这样的禽兽还给他打马赛克？！
[SEP]这算性骚扰了吧……
[SEP]这种人应该用不能进入教育行业，否则换个地方又去当老师，下一次就学聪明了，像鲍毓明一样。
[SEP]那是开除就能解决的问题吗，MD……针对这种渣渣还是开抢吧
[SEP]老师利用自己的权利对学校肆意妄为，这种精神上的折磨，真是枉为人师。希望早点出一些制约这种行为的东西吧。有多少学生正在遭受毒手！！
[SEP]这样的老师不多！
[SEP]emmmm 别来侮辱教师二字了
[SEP]不配为人师表，支持吊销教师资格证
[SEP]小孩怎么可能说太重的话，毕竟是班主任。要是没人知道，指不定被怎么穿小鞋呢
[SEP]卧槽，简直了，应该开除公职
[SEP]这是什么老师
[SEP]我是盐城人
[SEP]这货淫风了
[SEP]我呸！就这还为人师表？？？
[SEP]这是恋童癖！！！不能再让他接触小孩子！！！！
[SEP]",1